2016-11-24 16:27:49:381B,$#,2,11675,3309,3339,0,30,0,29,0,58,0,0,0,0,3337,3337,3332,3337,3338,3336,3336,3338,3309,3337,3336,3336,3338,3338,3339,3339,3337,3338,3337,3336,3335,3338,3336,3334,3336,3337,3336,3337,3337,3336,3336,3336,3336,3337,3337,3338,3338,3336,3337,3337,3336,3337,3336,3336,3336,3336,3337,3336,3336,"3338
"
2016-11-24 16:27:50:189B,$#,2,16680,3309,3339,0,30,0,29,0,58,0,0,0,0,3337,3337,3332,3337,3338,3336,3336,3338,3309,3337,3336,3336,3338,3338,3339,3339,3337,3338,3337,3336,3335,3338,3336,3334,3336,3337,3336,3337,3337,3336,3336,3336,3336,3337,3337,3338,3338,3336,3337,3337,3336,3336,3337,3336,3336,3337,3337,3337,3336,"3338
"
2016-11-24 16:27:50:998B,$#,2,16680,3308,3341,0,30,0,29,0,59,0,0,0,0,3338,3336,3337,3336,3337,3336,3336,3334,3308,3341,3336,3337,3338,3340,3339,3339,3337,3338,3337,3336,3336,3336,3336,3334,3337,3337,3336,3336,3336,3336,3336,3336,3337,3337,3336,3337,3337,3337,3337,3337,3336,3336,3337,3336,3336,3336,3337,3336,3336,"3338
"
2016-11-24 16:27:51:807B,$#,2,16680,3308,3341,0,30,0,29,0,60,0,0,0,0,3338,3336,3336,3336,3337,3336,3336,3328,3308,3341,3336,3338,3338,3337,3339,3339,3338,3338,3337,3336,3337,3336,3335,3336,3336,3337,3336,3337,3336,3336,3336,3336,3337,3337,3336,3338,3338,3336,3337,3337,3336,3336,3336,3336,3336,3336,3337,3336,3336,"3338
"
2016-11-24 16:27:52:615B,$#,2,16679,3309,3339,0,30,0,29,0,61,0,0,0,0,3337,3336,3337,3337,3337,3337,3336,3332,3309,3337,3332,3336,3338,3338,3339,3339,3338,3338,3336,3336,3335,3336,3336,3334,3338,3337,3336,3336,3336,3336,3336,3336,3337,3337,3336,3338,3337,3337,3337,3337,3336,3336,3336,3335,3336,3336,3337,3337,3336,"3338
"
2016-11-24 16:27:53:424B,$#,2,16681,3308,3345,0,30,0,29,0,62,0,0,0,0,3337,3336,3336,3336,3337,3335,3336,3345,3308,3338,3339,3338,3338,3340,3339,3339,3337,3338,3336,3336,3335,3336,3336,3334,3336,3337,3337,3337,3336,3336,3333,3336,3337,3337,3336,3337,3338,3337,3338,3337,3336,3337,3336,3336,3336,3337,3337,3336,3336,"3338
"
2016-11-24 16:27:54:232B,,2,16681,3308,3345,0,30,0,29,0,62,0,0,0,0,3337,3336,3336,3336,3337,3335,3336,3345,3308,3338,3339,3338,3338,3340,3339,3339,3337,3338,3336,3336,3335,3336,3336,3334,3336,3337,3337,3337,3336,3336,3333,3336,3337,3337,3336,3337,3338,3337,3338,3337,3336,3337,3336,3336,3336,3337,3337,3336,3336,"3338
"
2016-11-24 16:27:55:040B,,2,16680,3307,3340,0,30,0,29,0,63,0,0,0,0,3338,3336,3337,3336,3337,3336,3336,3335,3307,3339,3337,3336,3340,3337,3339,3339,3337,3338,3337,3336,3336,3335,3336,3335,3337,3337,3336,3337,3337,3336,3336,3336,3336,3337,3336,3337,3337,3337,3337,3337,3336,3336,3337,3336,3336,3336,3337,3336,3336,"3338
"
2016-11-24 16:27:55:849B,$#,2,16680,3308,3342,0,30,0,29,0,64,0,0,0,0,3336,3337,3336,3336,3337,3339,3335,3339,3308,3338,3342,3336,3337,3336,3338,3339,3337,3338,3336,3336,3335,3335,3335,3335,3336,3337,3337,3337,3337,3336,3336,3336,3336,3337,3337,3337,3337,3337,3337,3336,3336,3336,3336,3336,3336,3336,3337,3337,3336,"3337
"
2016-11-24 16:27:56:657B,$#,2,16680,3308,3339,0,30,0,29,0,65,0,0,0,0,3337,3337,3336,3336,3337,3336,3339,3338,3308,3338,3336,3336,3338,3337,3339,3338,3338,3338,3337,3336,3335,3336,3336,3335,3335,3336,3336,3337,3337,3336,3336,3336,3337,3337,3337,3338,3338,3337,3337,3336,3336,3336,3336,3336,3336,3336,3337,3337,3335,"3338
"
2016-11-24 16:27:57:466B,$#,2,16679,3307,3341,0,30,0,29,0,66,0,0,0,0,3338,3336,3338,3336,3337,3336,3335,3329,3307,3341,3336,3336,3337,3328,3339,3339,3338,3338,3337,3336,3336,3336,3336,3336,3336,3337,3336,3337,3336,3336,3341,3336,3337,3337,3337,3338,3337,3337,3337,3337,3336,3336,3336,3336,3336,3336,3337,3337,3336,"3337
"
2016-11-24 16:27:58:277B,$#,2,16679,3307,3341,0,30,0,29,0,67,0,0,0,0,11810,3336,3338,3336,3337,3336,3335,3329,3307,3341,3336,3336,3337,3328,3339,3339,3338,3338,3337,3336,3336,3336,3336,3336,3336,3337,3336,3337,3336,3336,3341,3336,3337,3337,3337,3338,3337,3337,3337,3337,3336,3336,3336,3336,3336,3336,3337,3337,3336,"3337
"
2016-11-24 16:28:07:394B,$#,2,16680,3308,3339,0,30,0,29,0,76,0,0,0,0,3338,3336,3336,3337,3337,3336,3339,3338,3308,3336,3336,3336,3337,3337,3339,3339,3337,3338,3337,3336,3335,3336,3336,3334,3336,3337,3337,3337,3337,3336,3336,3336,3336,3337,3337,3337,3337,3336,3337,3337,3336,3336,3337,3336,3336,3336,3337,3337,3336,"3338
"
2016-11-24 16:28:08:201B,$#,2,16680,3308,3339,0,30,0,29,0,76,0,0,0,0,3338,3336,3336,3337,3337,3336,3339,3338,3308,3336,3336,3336,3337,3337,3339,3339,3337,3338,3337,3336,3335,3336,3336,3334,3336,3337,3337,3337,3337,3336,3336,3336,3336,3337,3337,3337,3337,3336,3337,3337,3336,3336,3337,3336,3336,3336,3337,3337,3336,"3338
"
2016-11-24 16:28:09:010B,$#,2,16680,3309,3339,0,30,0,29,0,77,0,0,0,0,3338,3336,3336,3337,3337,3336,3337,3338,3309,3337,3336,3337,3338,3337,3339,3339,3337,3338,3337,3336,3336,3336,3336,3336,3336,3337,3336,3337,3337,3336,3336,3336,3336,3337,3336,3337,3336,3337,3338,3336,3336,3336,3336,3336,3336,3337,3337,3337,3336,"3338
"
2016-11-24 16:28:09:818B,$#,2,16681,3311,3339,0,30,0,29,0,78,0,0,0,0,3338,3337,3336,3336,3338,3336,3335,3338,3311,3338,3336,3336,3338,3334,3339,3339,3337,3338,3337,3336,3336,3337,3336,3334,3337,3337,3336,3337,3337,3336,3336,3336,3337,3337,3336,3338,3337,3336,3338,3337,3336,3336,3337,3337,3336,3337,3337,3337,3335,"3338
"
2016-11-24 16:28:10:626B,,2,16680,3309,3339,0,30,0,29,0,79,0,0,0,0,3337,3336,3336,3336,3337,3336,3336,3338,3309,3338,3333,3337,3337,3337,3339,3339,3338,3338,3337,3336,3337,3335,3335,3336,3336,3337,3336,3337,3337,3336,3336,3336,3336,3337,3337,3338,3337,3337,3338,3337,3336,3336,3336,3336,3336,3336,3337,3336,3335,"3338
"
2016-11-24 16:28:11:435B,$#,2,16679,3308,3341,0,30,0,29,0,80,0,0,0,0,3338,3337,3337,3337,3337,3336,3335,3328,3308,3341,3336,3336,3337,3337,3340,3339,3337,3338,3336,3336,3336,3336,3336,3335,3336,3337,3336,3336,3337,3336,3336,3336,3337,3337,3337,3337,3337,3337,3337,3337,3336,3336,3338,3336,3336,3336,3337,3336,3335,"3338
"
2016-11-24 16:28:12:250B,$#,2,16679,3308,3341,0,30,0,29,0,81,0,0,0,0,11810,11042,11042,11298,3362,3336,3335,3328,3308,3341,3336,3336,3337,3337,3340,3339,3337,3338,3336,3336,3336,3336,3336,3335,3336,3337,3336,3336,3337,3336,3336,3336,3337,3337,3337,3337,3337,3337,3337,3337,3336,3336,3338,3336,3336,3336,3337,3336,3335,"3338
"
2016-11-24 16:28:13:051B,,2,16681,3310,3340,0,30,0,29,0,81,0,0,0,0,3338,3336,3336,3337,3337,3336,3336,3338,3310,3338,3336,3337,3338,3338,3340,3339,3338,3338,3337,3336,3336,3336,3336,3334,3336,3337,3336,3337,3337,3336,3336,3336,3337,3337,3336,3338,3337,3337,3337,3337,3336,3336,3338,3336,3336,3336,3337,3337,3336,"3338
"
2016-11-24 16:28:13:860B,$#,2,16680,3307,3340,0,30,0,29,0,82,0,0,0,0,3339,3336,3336,3336,3337,3338,3335,3338,3307,3337,3333,3337,3337,3340,3338,3339,3337,3338,3337,3336,3336,3335,3336,3335,3336,3337,3336,3336,3336,3336,3336,3336,3337,3337,3337,3337,3338,3337,3337,3337,3336,3336,3337,3336,3336,3336,3337,3337,3335,"3337
"
2016-11-24 16:28:14:668B,$#,2,16680,3308,3341,0,30,0,29,0,83,0,0,0,0,3338,3337,3339,3337,3337,3336,3336,3328,3308,3341,3336,3337,3338,3338,3340,3339,3338,3338,3337,3336,3335,3335,3336,3334,3336,3337,3336,3336,3336,3336,3336,3336,3337,3337,3337,3337,3338,3337,3336,3337,3336,3336,3335,3336,3336,3336,3337,3337,3336,"3338
"
2016-11-24 16:28:15:477B,$#,2,16682,3308,3345,0,30,0,29,0,84,0,0,0,0,3340,3336,3336,3336,3337,3336,3335,3345,3308,3338,3345,3336,3337,3338,3339,3339,3337,3338,3337,3336,3335,3336,3335,3335,3336,3338,3336,3337,3337,3336,3336,3336,3337,3337,3336,3338,3337,3337,3337,3336,3336,3336,3337,3336,3336,3337,3337,3337,3336,"3338
"
2016-11-24 16:28:16:289B,$#,2,6671,3310,3338,0,29,0,29,0,85,0,0,0,0,3338,3337,3336,3336,3337,3336,3336,3338,3310,3338,3337,3337,3338,3338,3338,3334,3338,3338,3337,3336,3336,3336,3335,3335,3336,3338,3336,3337,3337,3336,3336,3336,3337,3337,3336,3338,3337,3337,3337,3336,3336,3336,3337,3336,3336,3337,3337,3337,3336,"3338
"
2016-11-24 16:28:17:094B,$#,2,16680,3310,3338,0,30,0,29,0,85,0,0,0,0,3338,3337,3336,3336,3337,3336,3336,3338,3310,3338,3337,3337,3338,3338,3338,3334,3338,3338,3337,3336,3336,3336,3335,3335,3336,3337,3336,3337,3336,3336,3336,3336,3337,3337,3336,3338,3337,3337,3337,3336,3336,3336,3337,3336,3336,3336,3337,3337,3336,"3337
"
2016-11-24 16:28:17:902B,$#,2,16680,3311,3339,0,30,0,29,0,86,0,0,0,0,3338,3337,3336,3336,3337,3336,3335,3339,3311,3337,3333,3337,3337,3337,3339,3338,3337,3338,3337,3336,3335,3336,3336,3334,3335,3337,3336,3336,3337,3336,3338,3336,3336,3337,3336,3338,3338,3338,3338,3337,3336,3337,3336,3336,3336,3336,3337,3337,3336,"3338
"
2016-11-24 16:28:18:712B,,2,16680,3310,3338,0,30,0,29,0,87,0,0,0,0,3337,3337,3337,3336,3337,3336,3336,3338,3310,3337,3337,3337,3337,3336,3338,3338,3338,3338,3337,3336,3335,3336,3336,3336,3336,3338,3336,3337,3337,3336,3336,3336,3337,3337,3336,3337,3337,3337,3336,3337,3336,3336,3336,3336,3336,3337,3337,3337,3336,"3338
"
2016-11-24 16:28:19:518B,$#,2,16681,3307,3341,0,30,0,29,0,88,0,0,0,0,3336,3336,3336,3336,3337,3340,3336,3339,3307,3338,3341,3336,3338,3338,3339,3339,3337,3338,3337,3336,3336,3336,3337,3335,3336,3337,3337,3336,3337,3336,3336,3336,3337,3337,3336,3337,3337,3337,3337,3336,3337,3336,3336,3336,3337,3336,3337,3337,3335,"3337
"
2016-11-24 16:28:20:327B,$#,2,13341,3307,3341,0,30,0,29,0,89,0,0,0,0,3336,3336,3336,3336,3337,3338,3335,3338,3307,3338,3341,3336,3337,3338,3339,3307,3337,3338,3337,3336,3335,3338,3335,3334,3336,3337,3336,3337,3337,3336,3336,3336,3337,3337,3337,3337,3337,3337,3337,3337,3336,3336,3337,3336,3336,3336,3337,3337,3335,"3337
"
2016-11-24 16:28:21:135B,$#,2,16677,3307,3341,0,30,0,29,0,89,0,0,0,0,3336,3336,3336,3336,3337,3338,3335,3338,3307,3338,3341,3336,3337,3338,3339,3307,3337,3338,3337,3336,3335,3338,3335,3334,3336,3337,3336,3337,3337,3336,3336,3336,3337,3337,3337,3337,3337,3337,3337,3337,3336,3336,3337,3336,3336,3336,3337,3336,3336,"3338
"
2016-11-24 16:28:21:944B,$#,2,16681,3308,3343,0,30,0,29,0,90,0,0,0,0,3337,3336,3338,3336,3337,3335,3336,3343,3308,3338,3339,3337,3337,3340,3339,3339,3337,3338,3337,3336,3335,3337,3336,3334,3336,3337,3336,3337,3337,3336,3336,3336,3337,3337,3336,3338,3338,3337,3337,3337,3336,3336,3337,3336,3336,3336,3337,3337,3336,"3337
"
2016-11-24 16:28:22:752B,$#,2,16679,3307,3339,0,30,0,29,0,91,0,0,0,0,3336,3336,3337,3336,3337,3335,3335,3338,3307,3337,3335,3337,3337,3338,3339,3339,3337,3338,3337,3336,3335,3335,3336,3335,3336,3337,3337,3337,3337,3336,3336,3336,3336,3337,3336,3337,3337,3338,3337,3337,3336,3336,3336,3336,3336,3336,3337,3337,3335,"3338
"
2016-11-24 16:28:23:561B,$#,2,16680,3307,3341,0,30,0,29,0,92,0,0,0,0,3338,3337,3338,3337,3337,3336,3335,3329,3307,3341,3336,3337,3338,3338,3338,3339,3338,3338,3337,3336,3336,3336,3337,3334,3336,3337,3337,3337,3337,3336,3336,3336,3337,3337,3340,3338,3337,3336,3337,3336,3336,3336,3336,3336,3336,3336,3337,3337,3336,"3337
"
2016-11-24 16:28:24:369B,$#,2,16682,3307,3343,0,30,0,29,0,93,0,0,0,0,3338,3336,3336,3336,3337,3339,3335,3339,3307,3338,3343,3337,3340,3338,3338,3339,3338,3338,3337,3336,3337,3335,3335,3336,3336,3337,3336,3337,3337,3336,3336,3336,3337,3337,3337,3337,3337,3337,3338,3336,3336,3336,3336,3337,3337,3336,3337,3337,3336,"3338
"
2016-11-24 16:28:25:178B,$#,2,16682,3307,3343,0,30,0,29,0,93,0,0,0,0,3338,3336,3336,3336,3337,3339,3335,3339,3307,3338,3343,3337,3340,3338,3338,3339,3338,3338,3337,3336,3337,3335,3335,3336,3336,3337,3336,3337,3337,3336,3336,3336,3337,3337,3337,3337,3337,3337,3338,3336,3336,3336,3336,3337,3337,3336,3337,3337,3336,"3338
"
2016-11-24 16:28:25:986B,$#,2,16679,3307,3339,0,30,0,29,0,94,0,0,0,0,3337,3336,3336,3336,3337,3338,3336,3338,3307,3337,3333,3337,3339,3338,3338,3339,3337,3338,3336,3336,3335,3338,3336,3334,3330,3337,3336,3336,3337,3336,3336,3336,3337,3337,3336,3337,3338,3337,3337,3337,3336,3336,3336,3337,3337,3336,3337,3336,3336,"3338
"
2016-11-24 16:28:26:794B,,2,16681,3307,3341,0,30,0,29,0,95,0,0,0,0,3338,3337,3337,3336,3337,3336,3336,3334,3307,3341,3336,3336,3337,3337,3339,3339,3338,3338,3337,3336,3337,3336,3335,3336,3336,3338,3336,3337,3337,3336,3336,3336,3337,3338,3337,3338,3337,3337,3337,3337,3335,3336,3336,3336,3337,3336,3337,3337,3336,"3338
"
2016-11-24 16:28:27:603B,$#,2,16681,3307,3343,0,30,0,29,0,96,0,0,0,0,3341,3336,3336,3336,3337,3338,3336,3341,3307,3338,3343,3337,3337,3337,3339,3338,3338,3338,3336,3336,3335,3335,3336,3335,3336,3337,3336,3336,3336,3336,3336,3336,3337,3337,3336,3337,3337,3336,3338,3337,3336,3336,3336,3336,3336,3336,3337,3336,3336,"3337
"
2016-11-24 16:28:28:414B,$#,2,16680,3307,3341,0,30,0,29,0,97,0,0,0,0,3336,3336,3336,3337,3337,3340,3336,3339,3307,3338,3341,3336,3337,3337,3339,3339,3338,3338,3336,3336,3335,3336,3336,3335,3336,3337,3336,3337,3337,3336,3336,3336,3337,3337,3336,3337,3337,3337,3337,3336,3337,3336,3336,3336,3336,3336,3337,3336,3336,"3337
"
2016-11-24 16:28:29:217B,$#,2,1668,3307,3345,0,0,0,0,0,98,0,0,0,0,3340,3336,3336,3336,3337,3336,3335,3345,3307,3338,3341,3336,3337,3337,3339,3339,3338,3338,3336,3336,3335,3336,3336,3335,3336,3337,3336,3337,3337,3336,3336,3336,3337,3337,3336,3337,3337,3337,3337,3336,3337,3336,3336,3336,3336,3336,3337,3336,3336,"3337
"
2016-11-24 16:28:30:028B,$#,2,16682,3307,3346,0,30,0,29,0,98,0,0,0,0,3340,3336,3336,3336,3337,3336,3335,3345,3307,3338,3346,3338,3338,3337,3339,3339,3338,3338,3337,3336,3336,3336,3336,3334,3336,3338,3336,3337,3337,3336,3336,3336,3336,3337,3337,3337,3337,3336,3337,3337,3336,3336,3337,3337,3336,3336,3337,3336,3336,"3338
"
2016-11-24 16:28:30:838B,$#,2,16682,3307,3344,0,30,0,29,0,99,0,0,0,0,3341,3336,3336,3336,3337,3336,3336,3344,3307,3338,3344,3337,3337,3339,3339,3339,3338,3338,3337,3336,3336,3335,3336,3334,3336,3337,3337,3337,3337,3336,3336,3336,3337,3337,3337,3338,3337,3337,3337,3337,3336,3336,3335,3337,3336,3336,3337,3336,3336,"3337
"
2016-11-24 16:28:31:644B,$#,2,16680,3310,3340,0,30,0,29,0,100,0,0,0,0,3339,3336,3336,3337,3338,3336,3335,3338,3310,3338,3334,3337,3337,3338,3340,3339,3337,3338,3337,3336,3335,3335,3336,3335,3336,3337,3336,3336,3337,3336,3336,3336,3337,3337,3336,3337,3338,3337,3337,3336,3336,3336,3337,3336,3336,3336,3337,3336,3336,"3338
"
2016-11-24 16:28:32:453B,$#,2,16680,3308,3340,0,30,0,29,0,101,0,0,0,0,3338,3337,3336,3336,3337,3336,3336,3336,3308,3340,3335,3337,3338,3338,3339,3338,3337,3338,3337,3335,3336,3336,3335,3335,3338,3337,3336,3336,3336,3336,3336,3336,3337,3337,3337,3337,3337,3337,3338,3337,3336,3336,3336,3337,3336,3336,3337,3336,3335,"3338
"
2016-11-24 16:28:33:264B,$#,2,8339,3307,3339,0,29,0,29,0,102,0,0,0,0,3338,3336,3337,3336,3336,3339,3335,3339,3307,3338,3336,3337,3339,3338,3338,3339,3337,3338,3337,3336,3337,3336,3335,3335,3336,3337,3337,3336,3337,3336,3336,3336,3337,3337,3337,3337,3337,3337,3338,3337,3336,3336,3336,3337,3336,3336,3337,3336,3335,"3338
"
2016-11-24 16:28:34:069B,$#,2,16681,3307,3339,0,30,0,29,0,102,0,0,0,0,3338,3336,3337,3336,3336,3339,3335,3339,3307,3338,3336,3337,3339,3338,3338,3339,3337,3338,3337,3336,3337,3336,3335,3335,3336,3337,3337,3336,3337,3336,3336,3336,3337,3337,3336,3338,3337,3337,3338,3337,3336,3336,3337,3336,3337,3337,3337,3337,3335,"3338
"
2016-11-24 16:28:34:877B,$#,2,16680,3310,3339,0,30,0,29,0,103,0,0,0,0,3338,3336,3336,3336,3337,3336,3335,3339,3310,3338,3335,3336,3338,3338,3339,3339,3337,3338,3337,3336,3336,3335,3336,3335,3335,3337,3337,3336,3336,3336,3336,3336,3337,3337,3336,3337,3337,3337,3337,3337,3336,3336,3336,3336,3337,3337,3337,3336,3336,"3338
"
2016-11-24 16:28:35:688B,$#,2,16680,3307,3338,0,30,0,29,0,104,0,0,0,0,3338,3337,3336,3336,3337,3336,3337,3338,3307,3334,3337,3336,3338,3337,3338,3338,3338,3338,3337,3336,3337,3335,3336,3336,3336,3337,3337,3337,3337,3336,3336,3336,3337,3337,3336,3338,3337,3337,3338,3337,3336,3336,3336,3336,3336,3336,3337,3336,3336,"3338
"
2016-11-24 16:28:36:493B,,2,16680,3308,3339,0,30,0,29,0,105,0,0,0,0,3338,3336,3336,3337,3337,3336,3336,3327,3308,3339,3336,3337,3339,3338,3339,3339,3338,3338,3337,3336,3335,3335,3336,3335,3338,3338,3336,3337,3337,3336,3336,3337,3337,3338,3337,3337,3337,3337,3337,3337,3336,3335,3337,3336,3336,3336,3337,3337,3336,"3338
"
2016-11-24 16:28:37:301B,$#,2,15011,3307,3339,0,30,0,29,0,106,0,0,0,0,3338,3336,3336,3336,3337,3339,3336,3339,3307,3338,3333,3337,3337,3336,3339,3339,3337,3338,3336,3336,3336,3335,3335,3335,3336,3337,3337,3337,3336,3336,3336,3330,3337,3337,3337,3338,3337,3337,3337,3336,3335,3336,3336,3336,3337,3336,3337,3336,3335,"3338
"
2016-11-24 16:28:38:109B,$#,2,16679,3307,3339,0,30,0,29,0,106,0,0,0,0,3338,3336,3336,3336,3337,3339,3336,3339,3307,3338,3333,3337,3337,3336,3339,3339,3337,3338,3336,3336,3336,3335,3335,3335,3336,3337,3337,3337,3336,3336,3336,3330,3337,3337,3337,3338,3337,3337,3337,3336,3335,3336,3336,3336,3337,3336,3337,3336,3335,"3338
"
2016-11-24 16:28:38:918B,$#,2,16680,3308,3339,0,30,0,29,0,107,0,0,0,0,3337,3336,3337,3336,3337,3335,3335,3339,3308,3338,3336,3337,3338,3339,3338,3338,3338,3338,3336,3336,3335,3336,3336,3334,3336,3337,3336,3337,3337,3336,3336,3336,3337,3338,3336,3337,3337,3336,3337,3336,3337,3336,3336,3336,3336,3336,3337,3336,3336,"3337
"
2016-11-24 16:28:39:726B,$#,2,16680,3308,3346,0,30,0,29,0,108,0,0,0,0,3337,3337,3324,3337,3337,3336,3336,3346,3308,3334,3344,3336,3338,3337,3338,3338,3338,3338,3337,3336,3335,3335,3336,3334,3335,3337,3336,3336,3337,3336,3336,3337,3337,3337,3337,3338,3338,3336,3338,3337,3336,3336,3337,3336,3336,3336,3337,3337,3336,"3338
"
2016-11-24 16:28:40:534B,$#,2,16677,3307,3339,0,30,0,29,0,109,0,0,0,0,3338,3336,3320,3336,3337,3335,3335,3337,3307,3338,3337,3336,3338,3337,3339,3328,3337,3338,3337,3336,3337,3336,3336,3335,3335,3337,3336,3337,3336,3336,3336,3336,3337,3337,3336,3338,3337,3337,3337,3337,3336,3336,3336,3336,3336,3336,3337,3336,3336,"3338
"
2016-11-24 16:28:41:343B,,2,16680,3308,3342,0,30,0,29,0,110,0,0,0,0,3338,3336,3338,3337,3337,3336,3335,3328,3308,3342,3336,3337,3338,3337,3339,3339,3338,3338,3337,3336,3336,3336,3336,3334,3336,3337,3337,3336,3336,3336,3336,3337,3337,3337,3336,3337,3337,3337,3337,3336,3336,3336,3337,3336,3336,3336,3337,3336,3336,"3338
"
2016-11-24 16:28:42:153B,$#,2,16680,3308,3342,0,30,0,29,0,110,0,0,0,0,3338,3336,3338,3337,3337,3336,3335,3328,3308,3342,3336,3337,3338,3337,3339,3339,3338,3338,3337,3336,3336,3336,3336,3334,3336,3337,3337,3336,3336,3336,3336,3337,3337,3337,3336,3337,3337,3337,3337,3336,3336,3336,3337,3336,3336,3336,3337,3336,3336,"3338
"
2016-11-24 16:28:42:961B,$#,2,16681,3307,3345,0,30,0,29,0,111,0,0,0,0,3337,3336,3336,3336,3337,3335,3336,3345,3307,3338,3342,3338,3338,3338,3338,3338,3337,3338,3337,3336,3336,3335,3335,3335,3336,3337,3337,3336,3337,3336,3336,3336,3337,3337,3336,3338,3337,3336,3338,3337,3336,3336,3337,3336,3336,3336,3337,3337,3336,"3338
"
2016-11-24 16:28:43:768B,$#,2,16681,3307,3346,0,30,0,29,0,112,0,0,0,0,3340,3337,3337,3337,3337,3339,3336,3339,3307,3338,3346,3336,3338,3337,3339,3339,3337,3338,3336,3336,3335,3336,3336,3334,3336,3337,3336,3336,3337,3336,3336,3336,3337,3337,3336,3337,3337,3337,3337,3337,3336,3336,3336,3336,3336,3336,3337,3337,3336,"3338
"
2016-11-24 16:28:44:577B,$#,2,16680,3308,3339,0,30,0,29,0,113,0,0,0,0,3338,3336,3336,3337,3337,3336,3339,3338,3308,3335,3337,3337,3338,3337,3339,3339,3337,3338,3337,3336,3337,3336,3336,3334,3336,3337,3336,3337,3337,3336,3336,3336,3336,3337,3336,3338,3337,3338,3337,3336,3336,3336,3336,3336,3336,3336,3337,3336,3336,"3337
"
2016-11-24 16:28:45:387B,$#,2,16680,3307,3339,0,30,0,29,0,114,0,0,0,0,3338,3337,3336,3339,3337,3336,3336,3337,3307,3338,3337,3335,3337,3337,3339,3338,3337,3338,3337,3336,3336,3336,3336,3334,3336,3338,3337,3337,3337,3336,3336,3336,3337,3337,3337,3338,3337,3338,3337,3337,3336,3336,3335,3337,3336,3336,3338,3337,3336,"3331
"
2016-11-24 16:28:46:197B,$#,2,3333,3308,3338,0,29,0,29,0,115,0,0,0,0,3338,3336,3336,3336,3337,3336,3338,3338,3308,3335,8744,11298,11810,13858,12322,3338,3337,3338,3337,3336,3336,3336,3336,3334,3336,3338,3337,3337,3337,3336,3336,3336,3337,3337,3337,3338,3337,3338,3337,3337,3336,3336,3335,3337,3336,3336,3338,3337,3336,"3331
"
2016-11-24 16:28:47:002B,$#,2,16680,3308,3341,0,30,0,29,0,115,0,0,0,0,3338,3336,3336,3336,3337,3336,3338,3338,3308,3335,3335,3337,3338,3341,3338,3338,3337,3338,3337,3336,3335,3336,3335,3335,3337,3337,3336,3337,3336,3336,3336,3336,3337,3337,3337,3338,3337,3337,3337,3336,3335,3336,3336,3336,3336,3337,3337,3337,3336,"3337
"
2016-11-24 16:28:47:812B,$#,2,16677,3305,3339,0,30,0,29,0,116,0,0,0,0,3337,3337,3336,3336,3337,3336,3335,3339,3309,3337,3305,3337,3337,3338,3339,3338,3337,3338,3337,3336,3337,3335,3336,3335,3337,3337,3336,3336,3337,3336,3336,3336,3337,3337,3337,3338,3337,3337,3337,3338,3336,3336,3336,3336,3336,3337,3336,3336,3336,"3338
"
2016-11-24 16:28:48:618B,$#,2,16680,3308,3341,0,30,0,29,0,117,0,0,0,0,3338,3337,3335,3337,3337,3335,3336,3332,3308,3341,3337,3336,3340,3338,3339,3339,3337,3338,3337,3336,3338,3335,3336,3336,3336,3338,3337,3337,3336,3336,3336,3336,3336,3337,3337,3337,3337,3337,3336,3336,3336,3336,3336,3336,3336,3337,3337,3337,3336,"3337
"
2016-11-24 16:28:49:427B,$#,2,16680,3308,3338,0,30,0,29,0,118,0,0,0,0,3338,3336,3336,3336,3337,3336,3338,3338,3308,3334,3336,3337,3338,3338,3338,3338,3338,3338,3337,3336,3336,3336,3337,3334,3334,3337,3336,3337,3337,3336,3336,3336,3336,3337,3336,3338,3337,3337,3338,3337,3336,3337,3336,3336,3336,3336,3337,3337,3336,"3338
"
2016-11-24 16:28:50:235B,$#,2,10008,3307,3343,0,29,0,29,0,119,0,0,0,0,3339,3336,3337,3336,3337,3339,3336,3340,3307,3338,3343,3336,3338,3338,3338,3339,3337,3338,3337,3336,3335,3336,3337,3334,3336,3337,3336,3337,3336,3336,3336,3336,3336,3337,3337,3338,3337,3337,3338,3337,3336,3337,3336,3336,3336,3336,3337,3337,3336,"3338
"
2016-11-24 16:28:51:045B,$#,2,16681,3307,3343,0,30,0,29,0,119,0,0,0,0,3339,3336,3337,3336,3337,3339,3336,3340,3307,3338,3343,3336,3338,3338,3338,3339,3337,3338,3337,3336,3335,3336,3337,3334,3336,3337,3336,3337,3336,3336,3336,3336,3336,3337,3337,3337,3337,3337,3337,3337,3335,3336,3336,3336,3337,3336,3337,3337,3335,"3338
"
2016-11-24 16:28:51:852B,$#,2,16681,3307,3343,0,30,0,29,0,120,0,0,0,0,3336,3337,3336,3337,3337,3339,3336,3339,3307,3338,3343,3336,3338,3337,3340,3338,3337,3338,3337,3336,3336,3336,3335,3334,3336,3337,3336,3337,3337,3336,3336,3336,3336,3337,3337,3337,3337,3337,3337,3337,3336,3337,3336,3336,3336,3337,3337,3336,3336,"3337
"
2016-11-24 16:28:52:661B,$#,2,16680,3307,3340,0,30,0,29,0,121,0,0,0,0,3337,3336,3337,3337,3337,3337,3335,3338,3307,3338,3333,3336,3340,3337,3339,3339,3337,3338,3337,3336,3337,3335,3336,3335,3336,3337,3336,3337,3336,3336,3336,3336,3337,3337,3337,3338,3337,3337,3337,3337,3336,3336,3336,3336,3336,3336,3337,3337,3336,"3337
"
2016-11-24 16:28:53:471B,$#,2,16681,3309,3339,0,30,0,29,0,122,0,0,0,0,3337,3336,3336,3336,3337,3336,3337,3338,3309,3337,3336,3337,3338,3338,3339,3338,3338,3338,3337,3336,3335,3335,3336,3336,3337,3338,3336,3337,3337,3336,3336,3336,3337,3337,3337,3337,3338,3337,3337,3337,3336,3336,3337,3336,3336,3336,3337,3336,3336,"3338
"
2016-11-24 16:28:54:278B,$#,2,16680,3307,3339,0,30,0,29,0,123,0,0,0,0,3338,3336,3336,3336,3337,3338,3336,3339,3307,3338,3339,3337,3338,3338,3339,3339,3337,3338,3337,3336,3335,3336,3336,3334,3336,3337,3336,3336,3336,3336,3336,3336,3337,3337,3336,3337,3337,3336,3337,3336,3336,3336,3336,3336,3336,3336,3337,3337,3336,"3338
"
2016-11-24 16:28:55:086B,$#,2,16680,3307,3339,0,30,0,29,0,123,0,0,0,0,3338,3336,3336,3336,3337,3338,3336,3339,3307,3338,3339,3337,3338,3338,3339,3339,3337,3338,3337,3336,3335,3336,3336,3334,3336,3337,3336,3336,3336,3336,3336,3336,3337,3337,3336,3337,3337,3336,3337,3336,3336,3336,3336,3336,3336,3336,3337,3337,3336,"3338
"
2016-11-24 16:28:55:894B,$#,2,16682,3307,3346,0,30,0,29,0,124,0,0,0,0,3340,3336,3336,3336,3337,3335,3335,3346,3307,3338,3346,3337,3338,3338,3339,3339,3338,3338,3336,3336,3335,3336,3336,3334,3336,3338,3336,3337,3337,3336,3336,3336,3336,3337,3336,3337,3337,3337,3337,3336,3337,3336,3337,3336,3337,3336,3337,3336,3336,"3337
"
2016-11-24 16:28:56:703B,$#,2,16677,3307,3341,0,30,0,29,0,125,0,0,0,0,3338,3337,3337,3337,3337,3336,3336,3336,3307,3341,3336,3337,3339,3337,3339,3309,3338,3338,3337,3336,3335,3336,3335,3334,3336,3337,3336,3337,3336,3336,3336,3336,3337,3337,3336,3337,3337,3336,3338,3337,3336,3336,3336,3337,3336,3336,3337,3336,3336,"3338
"
2016-11-24 16:28:57:512B,$#,2,16679,3308,3341,0,30,0,29,0,126,0,0,0,0,3338,3337,3338,3336,3337,3336,3336,3334,3308,3341,3337,3337,3336,3340,3340,3338,3338,3338,3337,3336,3335,3336,3336,3334,3328,3337,3336,3336,3336,3336,3337,3336,3336,3337,3336,3338,3337,3337,3337,3337,3335,3336,3336,3336,3335,3336,3337,3337,3336,"3337
"
2016-11-24 16:28:58:320B,,2,16680,3308,3341,0,30,0,29,0,127,0,0,0,0,3337,3336,3336,3336,3337,3336,3336,3335,3308,3341,3338,3337,3337,3337,3339,3339,3337,3338,3337,3336,3335,3336,3336,3335,3336,3337,3336,3336,3336,3336,3336,3336,3337,3337,3337,3338,3337,3337,3338,3337,3336,3336,3336,3336,3336,3336,3337,3337,3336,"3337
"
2016-11-24 16:28:59:128B,$#,2,16680,3308,3341,0,30,0,29,0,127,0,0,0,0,3337,3336,3336,3336,3337,3336,3336,3335,3308,3341,3338,3337,3337,3337,3339,3339,3337,3338,3337,3336,3335,3336,3336,3335,3336,3337,3336,3336,3336,3336,3336,3336,3337,3337,3337,3338,3337,3337,3338,3337,3336,3336,3336,3336,3336,3336,3337,3337,3336,"3337
"
2016-11-24 16:28:59:937B,$#,2,16679,3308,3339,0,30,0,29,0,128,0,0,0,0,3335,3336,3336,3336,3337,3336,3339,3338,3308,3335,3337,3338,3338,3337,3339,3338,3337,3338,3337,3336,3335,3336,3335,3335,3336,3338,3336,3336,3336,3336,3336,3336,3336,3337,3336,3337,3337,3336,3337,3336,3336,3336,3337,3336,3336,3336,3337,3336,3336,"3337
"
2016-11-24 16:29:00:745B,$#,2,16680,3308,3341,0,30,0,29,0,129,0,0,0,0,3338,3336,3337,3336,3337,3336,3336,3336,3308,3341,3337,3337,3338,3338,3339,3339,3337,3338,3337,3336,3336,3336,3335,3334,3335,3337,3336,3337,3336,3336,3336,3336,3337,3337,3336,3338,3338,3338,3337,3337,3336,3336,3337,3335,3336,3336,3337,3336,3336,"3337
"
2016-11-24 16:29:01:553B,$#,2,16680,3308,3339,0,30,0,29,0,130,0,0,0,0,3338,3336,3337,3339,3337,3336,3336,3338,3308,3337,3336,3336,3338,3337,3338,3339,3337,3338,3337,3336,3337,3336,3335,3335,3335,3337,3336,3336,3337,3336,3336,3336,3337,3337,3337,3337,3338,3337,3337,3337,3336,3336,3337,3337,3336,3336,3337,3337,3335,"3338
"
2016-11-24 16:29:02:361B,$#,2,16680,3308,3339,0,30,0,29,0,131,0,0,0,0,3338,3336,3336,3336,3337,3338,3336,3337,3308,3338,3334,3336,3338,3338,3339,3339,3338,3338,3337,3336,3336,3335,3335,3335,3336,3337,3337,3336,3337,3336,3336,3336,3337,3337,3337,3337,3337,3337,3337,3336,3336,3336,3336,3337,3336,3336,3337,3337,3336,"3337
"
2016-11-24 16:29:03:168B,$#,2,5002,3311,3339,0,29,0,29,0,132,0,0,0,0,3338,3337,3336,3337,3337,3336,3335,3329,3311,3338,3334,3337,3338,3338,3339,3339,3337,3338,3337,8746,3336,3335,3335,3335,3336,3337,3337,3336,3337,3336,3336,3336,3337,3337,3337,3337,3337,3337,3337,3336,3336,3336,3336,3337,3336,3336,3337,3337,3336,"3337
"
2016-11-24 16:29:03:978B,$#,2,16679,3311,3339,0,30,0,29,0,132,0,0,0,0,3338,3337,3336,3337,3337,3336,3335,3329,3311,3338,3334,3337,3338,3338,3339,3339,3337,3338,3337,3336,3335,3336,3336,3335,3336,3337,3336,3337,3337,3336,3336,3336,3337,3337,3336,3337,3338,3337,3337,3337,3336,3336,3336,3336,3336,3337,3336,3337,3336,"3337
"
2016-11-24 16:29:04:785B,$#,2,16680,3307,3340,0,30,0,29,0,133,0,0,0,0,3338,3336,3337,3336,3337,3338,3336,3338,3307,3337,3334,3336,3340,3338,3338,3339,3337,3338,3337,3336,3336,3336,3337,3334,3338,3337,3336,3336,3337,3336,3336,3336,3337,3337,3336,3338,3337,3337,3337,3337,3336,3336,3336,3336,3336,3337,3337,3336,3335,"3338
"
2016-11-24 16:29:05:594B,$#,2,16680,3307,3339,0,30,0,29,0,134,0,0,0,0,3338,3337,3337,3337,3338,3335,3336,3335,3307,3339,3336,3337,3338,3338,3338,3339,3338,3338,3337,3336,3336,3336,3336,3336,3336,3337,3337,3336,3337,3336,3336,3336,3337,3337,3336,3337,3337,3337,3337,3337,3336,3336,3336,3336,3336,3337,3337,3337,3336,"3337
"
2016-11-24 16:29:06:401B,$#,2,16680,3308,3338,0,30,0,29,0,135,0,0,0,0,3337,3336,3336,3336,3337,3336,3338,3338,3308,3335,3337,3336,3337,3338,3338,3338,3337,3338,3337,3336,3336,3335,3336,3335,3335,3338,3336,3337,3337,3336,3336,3336,3337,3337,3337,3338,3338,3337,3337,3337,3336,3335,3337,3337,3336,3336,3337,3336,3336,"3338
"
2016-11-24 16:29:07:210B,$#,2,11676,3311,3339,0,30,0,29,0,136,0,0,0,0,3338,3337,3336,3336,3337,3336,3335,3338,3311,3337,3336,3336,3338,3338,3339,3339,3337,3338,3337,3336,3336,3336,3336,3334,3336,3337,3337,3336,3337,3336,3336,3338,3337,3337,3336,3337,3338,3337,3336,3337,3336,3335,3337,3337,3336,3336,3337,3336,3336,"3338
"
2016-11-24 16:29:08:018B,$#,2,16680,3311,3339,0,30,0,29,0,136,0,0,0,0,3338,3337,3336,3336,3337,3336,3335,3338,3311,3337,3336,3336,3338,3338,3339,3339,3337,3338,3337,3336,3336,3336,3336,3334,3336,3337,3337,3336,3337,3336,3336,3338,3337,3337,3336,3337,3338,3337,3336,3337,3336,3336,3336,3336,3336,3336,3337,3336,3336,"3338
"
2016-11-24 16:29:08:827B,$#,2,16681,3307,3346,0,30,0,29,0,137,0,0,0,0,3339,3336,3335,3336,3336,3336,3336,3346,3307,3338,3339,3338,3337,3338,3339,3338,3337,3338,3337,3336,3336,3336,3336,3334,3336,3337,3337,3337,3337,3336,3336,3336,3337,3337,3337,3337,3337,3338,3338,3336,3336,3336,3336,3336,3336,3336,3337,3337,3336,"3338
"
2016-11-24 16:29:09:635B,,2,16682,3308,3346,0,30,0,29,0,138,0,0,0,0,3340,3336,3336,3336,3337,3336,3335,3344,3308,3338,3346,3336,3338,3337,3339,3339,3338,3338,3337,3336,3337,3336,3336,3335,3336,3338,3336,3336,3336,3336,3336,3336,3336,3337,3336,3337,3338,3337,3337,3336,3336,3336,3337,3336,3336,3337,3337,3337,3336,"3337
"
2016-11-24 16:29:10:445B,$#,2,16679,3308,3339,0,30,0,29,0,139,0,0,0,0,3338,3336,3336,3336,3336,3335,3336,3338,3308,3336,3335,3336,3338,3337,3339,3339,3337,3338,3337,3336,3336,3335,3336,3336,3336,3337,3336,3337,3337,3336,3336,3336,3336,3337,3336,3337,3337,3337,3338,3336,3336,3336,3336,3337,3336,3336,3336,3337,3336,"3337
"
2016-11-24 16:29:11:252B,$#,2,16679,3310,3338,0,30,0,29,0,140,0,0,0,0,3337,3336,3336,3336,3337,3336,3335,3338,3310,3338,3333,3336,3337,3336,3338,3338,3337,3338,3337,3336,3336,3336,3336,3334,3335,3337,3336,3336,3337,3336,3336,3336,3337,3336,3336,3338,3337,3337,3337,3337,3336,3336,3337,3336,3336,3336,3337,3336,3336,"3338
"
2016-11-24 16:29:12:060B,$#,2,16679,3310,3338,0,30,0,29,0,140,0,0,0,0,3337,3336,3336,3336,3337,3336,3335,3338,3310,3338,3333,3336,3337,3336,3338,3338,3337,3338,3337,3336,3336,3336,3336,3334,3335,3337,3336,3336,3337,3336,3336,3336,3337,3336,3336,3338,3337,3337,3337,3337,3336,3336,3337,3336,3336,3336,3337,3336,3336,"3338
"
2016-11-24 16:29:12:869B,$#,2,16680,3307,3340,0,30,0,29,0,141,0,0,0,0,3337,3337,3336,3336,3338,3339,3336,3339,3307,3338,3340,3336,3338,3337,3339,3338,3337,3338,3336,3336,3336,3336,3336,3335,3332,3337,3337,3337,3337,3336,3336,3336,3337,3337,3337,3337,3337,3337,3337,3336,3336,3336,3336,3336,3336,3336,3337,3337,3335,"3337
"
2016-11-24 16:29:13:677B,$#,2,16679,3308,3339,0,30,0,29,0,142,0,0,0,0,3338,3336,3336,3337,3337,3336,3337,3338,3308,3335,3335,3337,3338,3333,3339,3339,3337,3338,3337,3336,3336,3336,3336,3334,3336,3337,3337,3336,3337,3336,3336,3336,3336,3337,3337,3338,3336,3336,3338,3337,3336,3336,3337,3336,3336,3336,3337,3336,3336,"3338
"
2016-11-24 16:29:14:486B,$#,2,16680,3308,3339,0,30,0,29,0,143,0,0,0,0,3338,3336,3336,3337,3337,3337,3336,3338,3308,3337,3333,3336,3337,3338,3339,3338,3337,3338,3337,3336,3336,3336,3336,3336,3337,3338,3336,3337,3337,3336,3336,3336,3337,3338,3336,3338,3336,3336,3337,3336,3336,3336,3336,3337,3336,3336,3337,3337,3335,"3337
"
2016-11-24 16:29:15:294B,$#,2,16682,3307,3345,0,30,0,29,0,144,0,0,0,0,3340,3337,3336,3336,3337,3336,3335,3344,3307,3338,3345,3338,3338,3336,3339,3339,3337,3338,3337,3336,3336,3335,3336,3335,3336,3337,3336,3337,3337,3336,3336,3336,3336,3337,3336,3338,3336,3337,3337,3336,3336,3336,3337,3336,3336,3336,3337,3337,3336,"3338
"
2016-11-24 16:29:16:105B,,2,16682,3307,3345,0,30,0,29,0,145,0,0,0,0,11810,11298,3362,3336,3337,3336,3335,3344,3307,3338,3345,3338,3338,3336,3339,3339,3337,3338,3337,3336,3336,3335,3336,3335,3336,3337,3336,3337,3337,3336,3336,3336,3336,3337,3336,3338,3336,3337,3337,3336,3336,3336,3337,3336,3336,3336,3337,3337,3336,"3338
"
2016-11-24 16:29:16:914B,$#,2,16682,3307,3346,0,30,0,29,0,145,0,0,0,0,3338,3337,3335,3337,3337,3335,3336,3346,3307,3337,3344,3337,3338,3338,3339,3338,3337,3337,3337,3336,3336,3336,3336,3336,3336,3337,3336,3337,3337,3336,3336,3336,3337,3337,3337,3337,3337,3337,3337,3336,3336,3336,3336,3336,3336,3337,3337,3336,3336,"3338
"
2016-11-24 16:29:17:721B,$#,2,16680,3307,3339,0,30,0,29,0,146,0,0,0,0,3338,3336,3336,3337,3338,3338,3335,3338,3307,3337,3336,3337,3338,3338,3339,3339,3337,3338,3337,3336,3335,3335,3336,3336,3336,3337,3336,3337,3337,3336,3336,3336,3337,3337,3336,3338,3337,3337,3337,3336,3336,3336,3336,3336,3336,3336,3337,3337,3335,"3338
"
2016-11-24 16:29:18:528B,$#,2,16681,3307,3340,0,30,0,29,0,147,0,0,0,0,3339,3336,3337,3337,3339,3340,3336,3339,3307,3338,3339,3336,3337,3338,3339,3339,3338,3338,3337,3336,3336,3336,3336,3335,3336,3337,3337,3336,3337,3336,3336,3336,3336,3337,3336,3337,3337,3337,3337,3337,3337,3336,3336,3336,3337,3336,3337,3337,3336,"3338
"
2016-11-24 16:29:19:337B,$#,2,16680,3308,3339,0,30,0,29,0,148,0,0,0,0,3338,3336,3337,3337,3337,3336,3336,3338,3308,3337,3337,3336,3337,3337,3339,3339,3337,3338,3337,3336,3335,3336,3335,3335,3337,3337,3336,3337,3337,3336,3336,3336,3337,3337,3337,3338,3336,3337,3338,3336,3336,3336,3336,3336,3336,3336,3337,3337,3336,"3338
"
2016-11-24 16:29:20:144B,$#,2,6671,3308,3341,0,29,0,29,0,149,0,0,0,0,3338,3336,3337,3336,3337,3336,3335,3331,3308,3341,3335,3337,3338,3340,3340,3338,3337,3338,3337,3336,3335,3335,3336,3336,3336,3337,3336,3337,3337,3336,3336,3336,3337,3337,3337,3338,3336,3337,3338,3336,3336,3336,3336,3336,3336,3336,3337,3337,3336,"3338
"
2016-11-24 16:29:20:953B,$#,2,16680,3308,3341,0,30,0,29,0,149,0,0,0,0,3338,3336,3337,3336,3337,3336,3335,3331,3308,3341,3335,3337,3338,3340,3340,3338,3337,3338,3337,3336,3335,3335,3336,3336,3336,3337,3337,3337,3336,3336,3336,3336,3337,3337,3336,3337,3337,3337,3337,3336,3336,3336,3336,3336,3336,3336,3337,3336,3336,"3338
"
2016-11-24 16:29:21:762B,,2,16680,3308,3339,0,30,0,29,0,150,0,0,0,0,3338,3336,3336,3337,3338,3336,3339,3338,3308,3337,3336,3336,3337,3337,3339,3339,3337,3338,3337,3336,3336,3336,3335,3336,3336,3337,3336,3337,3336,3336,3336,3336,3337,3337,3337,3338,3337,3337,3337,3337,3336,3336,3337,3336,3336,3336,3337,3337,3336,"3337
"
2016-11-24 16:29:22:574B,$#,2,16681,3307,3344,0,30,0,29,0,151,0,0,0,0,3337,3336,3337,3336,3337,3335,3335,3344,3307,3338,3338,3337,3338,3338,3339,3338,3337,3338,3337,3336,3336,3335,3338,3336,3336,3337,3337,3337,3337,3336,3336,3337,3337,3337,3337,3336,3337,3337,3337,3337,3336,3336,3337,3336,3336,3336,3337,3336,3336,"3337
"
2016-11-24 16:29:23:378B,$#,2,16681,3307,3346,0,30,0,29,0,152,0,0,0,0,3337,3336,3335,3336,3337,3336,3336,3344,3307,3338,3346,3337,3340,3334,3338,3339,3338,3338,3337,3336,3335,3336,3336,3334,3336,3336,3336,3337,3337,3336,3336,3336,3336,3337,3337,3338,3337,3337,3338,3336,3337,3336,3336,3336,3337,3336,3337,3337,3336,"3338
"
2016-11-24 16:29:24:186B,$#,2,13344,3308,3340,0,30,0,29,0,153,0,0,0,0,3338,3336,3336,3336,3338,3336,3339,3338,3308,3337,3336,3337,3338,3340,3339,3339,3337,3338,3336,3336,3336,3335,3336,3334,3335,3337,3337,3337,3337,3336,3336,3336,3336,3337,3336,3338,3337,3336,3337,3336,3337,3336,3336,3336,3337,3336,3337,3337,3336,"3338
"
2016-11-24 16:29:24:995B,$#,2,16680,3308,3340,0,30,0,29,0,153,0,0,0,0,3338,3336,3336,3336,3338,3336,3339,3338,3308,3337,3336,3337,3338,3340,3339,3339,3337,3338,3336,3336,3336,3335,3336,3334,3335,3337,3337,3337,3337,3336,3336,3336,3336,3337,3336,3338,3337,3336,3337,3336,3337,3336,3336,3336,3337,3336,3336,3336,3336,"3338
"
2016-11-24 16:29:25:803B,$#,2,16680,3309,3339,0,30,0,29,0,154,0,0,0,0,3336,3337,3336,3336,3337,3337,3336,3339,3309,3338,3334,3336,3338,3338,3338,3339,3338,3338,3337,3336,3336,3336,3336,3335,3336,3337,3336,3337,3336,3336,3336,3336,3336,3337,3337,3338,3337,3337,3338,3337,3336,3336,3337,3336,3336,3336,3337,3337,3336,"3338
"
2016-11-24 16:29:26:613B,$#,2,16680,3307,3340,0,30,0,29,0,155,0,0,0,0,3338,3337,3337,3336,3337,3338,3336,3338,3307,3337,3336,3337,3338,3337,3340,3339,3337,3338,3337,3336,3335,3335,3336,3335,3337,3337,3337,3337,3336,3336,3336,3336,3337,3337,3337,3337,3337,3336,3337,3336,3336,3336,3337,3336,3337,3336,3337,3337,3336,"3337
"
2016-11-24 16:29:27:420B,$#,2,16680,3307,3341,0,30,0,29,0,156,0,0,0,0,3338,3336,3338,3336,3337,3336,3335,3335,3307,3341,3336,3336,3338,3337,3339,3339,3338,3338,3337,3336,3336,3335,3336,3333,3336,3337,3337,3337,3337,3336,3336,3336,3336,3337,3336,3338,3337,3337,3337,3337,3336,3336,3337,3337,3336,3336,3337,3336,3336,"3338
"
2016-11-24 16:29:30:331B,$#,2,16681,3307,3339,0,30,0,29,0,159,0,0,0,0,3338,3336,3338,3336,3337,3335,3336,3336,3307,3339,3338,3337,3338,3337,3338,3339,3337,3337,3337,3336,3335,3336,3337,3336,3336,3338,3337,3336,3337,3336,3336,3336,3336,3337,3337,3338,3338,3337,3338,3337,3336,3336,3336,3336,3336,3337,3337,3337,3336,"3338
"
2016-11-24 16:29:31:141B,$#,2,10008,3307,3346,0,29,0,29,0,160,0,0,0,0,3339,3337,3329,3337,3337,3335,3335,3346,3307,3337,3346,3337,3340,3337,3339,3338,3338,3338,3337,3336,3337,3335,3336,3335,3337,3337,3337,3336,3337,3336,11042,11042,3336,3337,3337,3338,3338,3337,3338,3337,3336,3336,3336,3336,3336,3337,3337,3337,3336,"3338
"
2016-11-24 16:29:31:948B,$#,2,16681,3307,3346,0,30,0,29,0,160,0,0,0,0,3339,3337,3329,3337,3337,3335,3335,3346,3307,3337,3346,3337,3340,3337,3339,3338,3338,3338,3337,3336,3337,3335,3336,3335,3337,3337,3337,3336,3337,3336,3336,3336,3337,3337,3336,3337,3337,3337,3337,3337,3336,3336,3336,3336,3336,3336,3337,3336,3336,"3337
"
2016-11-24 16:29:32:756B,,2,16681,3309,3339,0,30,0,29,0,161,0,0,0,0,3338,3336,3336,3336,3337,3336,3338,3338,3309,3338,3336,3337,3338,3337,3339,3338,3337,3338,3336,3336,3336,3335,3335,3335,3336,3337,3337,3337,3337,3336,3338,3336,3337,3337,3337,3337,3337,3337,3337,3337,3337,3336,3337,3336,3337,3337,3337,3336,3336,"3337
"
2016-11-24 16:29:33:566B,$#,2,16680,3308,3341,0,30,0,29,0,162,0,0,0,0,3338,3336,3338,3337,3337,3336,3335,3329,3308,3341,3337,3337,3338,3338,3340,3339,3337,3338,3337,3336,3336,3336,3336,3334,3336,3337,3336,3337,3337,3336,3336,3336,3337,3336,3336,3338,3337,3337,3338,3337,3336,3336,3337,3337,3336,3336,3337,3337,3336,"3337
"
2016-11-24 16:29:34:376B,$#,2,16680,3311,3339,0,30,0,29,0,163,0,0,0,0,3338,3337,3336,3336,3337,3336,3335,3336,3311,3337,3335,3337,3337,3337,3339,3339,3337,3338,3337,3336,3337,3336,3335,3335,3336,3337,3336,3337,3337,3336,3336,3336,3337,3337,3337,3337,3337,3337,3337,3337,3336,3335,3337,3336,3336,3336,3337,3336,3336,"3338
"
2016-11-24 16:29:35:181B,,2,16681,3307,3343,0,30,0,29,0,164,0,0,0,0,3338,3336,3337,3337,3337,3339,3336,3340,3307,3338,3343,3337,3337,3336,3339,3339,3337,3338,3336,3336,3335,3336,3336,3335,3336,3337,3336,3337,3337,3336,3336,3336,3336,3337,3336,3338,3337,3336,3337,3336,3337,3336,3337,3336,3336,3336,3337,3336,3336,"3338
"
2016-11-24 16:29:35:992B,$#,2,16681,3307,3343,0,30,0,29,0,164,0,0,0,0,3338,3336,3337,3337,3337,3339,3336,3340,3307,3338,3343,3337,3337,3336,3339,3339,3337,3338,3336,3336,3335,3336,3336,3335,3336,3337,3336,3337,3337,3336,3336,3336,3336,3337,3336,3338,3337,3336,3337,3336,3337,3336,3337,3336,3336,3336,3337,3336,3336,"3338
"
2016-11-24 16:29:36:798B,$#,2,16681,3307,3342,0,30,0,29,0,165,0,0,0,0,3338,3336,3336,3336,3337,3339,3335,3339,3307,3338,3342,3336,3338,3337,3339,3339,3338,3339,3337,3336,3336,3335,3335,3335,3336,3337,3336,3337,3337,3336,3336,3336,3336,3337,3337,3338,3337,3337,3336,3336,3336,3336,3336,3336,3336,3336,3337,3337,3336,"3337
"
2016-11-24 16:29:37:607B,$#,2,16680,3308,3339,0,30,0,29,0,166,0,0,0,0,3338,3337,3336,3337,3337,3335,3336,3338,3308,3334,3335,3337,3337,3338,3339,3338,3338,3338,3337,3336,3337,3335,3336,3335,3337,3337,3337,3337,3337,3336,3336,3336,3337,3336,3336,3338,3338,3337,3337,3336,3336,3336,3336,3336,3336,3336,3337,3336,3336,"3337
"
2016-11-24 16:29:38:415B,$#,2,16680,3310,3340,0,30,0,29,0,167,0,0,0,0,3337,3337,3336,3336,3337,3336,3336,3339,3310,3337,3332,3337,3337,3340,3339,3339,3338,3338,3337,3336,3337,3336,3336,3335,3337,3337,3336,3336,3337,3336,3336,3336,3337,3337,3336,3338,3337,3337,3338,3336,3336,3336,3336,3336,3336,3336,3337,3336,3335,"3337
"
2016-11-24 16:29:39:224B,$#,2,16681,3307,3344,0,30,0,29,0,168,0,0,0,0,3338,3336,3338,3336,3337,3335,3335,3344,3307,3338,3340,3337,3338,3336,3339,3339,3337,3338,3337,3336,3337,3336,3336,3334,3338,3337,3336,3337,3337,3336,3336,3336,3336,3337,3337,3337,3337,3337,3337,3337,3336,3336,3337,3336,3336,3336,3337,3336,3336,"3337
"
2016-11-24 16:29:40:032B,$#,2,16681,3307,3344,0,30,0,29,0,168,0,0,0,0,3338,3336,3338,3336,3337,3335,3335,3344,3307,3338,3340,3337,3338,3336,3339,3339,3337,3338,3337,3336,3337,3336,3336,3334,3338,3337,3336,3337,3337,3336,3336,3336,3336,3337,3337,3337,3337,3337,3337,3337,3336,3336,3337,3336,3336,3336,3337,3336,3336,"3337
"
2016-11-24 16:29:40:842B,$#,2,16679,3307,3339,0,30,0,29,0,169,0,0,0,0,3337,3336,3336,3336,3337,3335,3337,3338,3307,3337,3336,3337,3338,3337,3339,3338,3337,3338,3337,3336,3335,3335,3336,3335,3336,3337,3336,3337,3336,3336,3336,3336,3337,3337,3337,3337,3337,3336,3337,3336,3336,3336,3337,3337,3336,3336,3337,3336,3336,"3337
"
2016-11-24 16:29:41:649B,,2,16681,3307,3343,0,30,0,29,0,170,0,0,0,0,3338,3336,3337,3336,3337,3339,3336,3339,3307,3338,3343,3337,3338,3336,3338,3338,3337,3338,3337,3336,3336,3336,3336,3335,3336,3337,3337,3337,3336,3336,3336,3336,3337,3337,3337,3337,3337,3337,3337,3337,3336,3336,3336,3336,3337,3336,3338,3337,3336,"3338
"
2016-11-24 16:29:42:457B,$#,2,16680,3307,3339,0,30,0,29,0,171,0,0,0,0,3338,3336,3337,3336,3337,3335,3336,3337,3307,3339,3337,3337,3338,3338,3338,3339,3337,3338,3337,3336,3335,3337,3336,3334,3336,3337,3336,3336,3336,3336,3336,3336,3337,3337,3336,3337,3337,3336,3337,3337,3336,3336,3337,3336,3336,3336,3337,3337,3336,"3337
"
2016-11-24 16:29:43:266B,$#,2,16680,3308,3340,0,30,0,29,0,172,0,0,0,0,3337,3337,3336,3336,3337,3336,3339,3338,3308,3336,3336,3337,3338,3337,3340,3339,3338,3338,3337,3336,3335,3336,3335,3334,3336,3337,3336,3337,3337,3336,3336,3336,3336,3337,3337,3337,3337,3337,3337,3336,3336,3336,3336,3336,3336,3336,3337,3336,3336,"3337
"
2016-11-24 16:29:44:073B,,2,5003,3308,3340,0,29,0,29,0,173,0,0,0,0,3338,3337,3337,3337,3337,3336,3338,3338,3308,3334,3336,3339,3338,3337,3340,3339,3338,3338,3337,3336,3335,3336,3335,3334,3336,3337,3336,3337,3337,3336,3336,3336,3336,3337,3337,3337,3337,3337,3337,3336,3336,3336,3336,3336,3336,3336,3337,3336,3336,"3337
"
2016-11-24 16:29:44:885B,$#,2,16681,3308,3340,0,30,0,29,0,173,0,0,0,0,3338,3337,3337,3337,3337,3336,3338,3338,3308,3334,3336,3339,3338,3337,3340,3339,3337,3338,3337,3336,3335,3338,3335,3334,3336,3337,3336,3337,3337,3336,3336,3337,3337,3338,3337,3338,3338,3337,3337,3336,3336,3336,3337,3336,3336,3336,3337,3336,3336,"3337
"
2016-11-24 16:29:45:690B,$#,2,16680,3308,3340,0,30,0,29,0,174,0,0,0,0,3338,3336,3336,3336,3336,3336,3336,3337,3308,3335,3337,3337,3340,3337,3338,3339,3337,3338,3336,3336,3336,3336,3336,3334,3338,3337,3336,3337,3337,3336,3337,3336,3337,3337,3337,3337,3338,3337,3337,3337,3335,3336,3336,3336,3336,3336,3337,3337,3335,"3337
"
2016-11-24 16:29:46:498B,$#,2,16680,3310,3339,0,30,0,29,0,175,0,0,0,0,3338,3336,3337,3336,3337,3336,3335,3338,3310,3338,3338,3337,3338,3338,3338,3339,3337,3338,3337,3336,3335,3336,3336,3334,3330,3338,3336,3337,3337,3336,3336,3335,3336,3337,3337,3337,3338,3337,3337,3337,3336,3336,3336,3336,3336,3336,3337,3336,3336,"3337
"
2016-11-24 16:29:47:306B,$#,2,16682,3308,3343,0,30,0,29,0,176,0,0,0,0,3340,3337,3336,3337,3337,3336,3336,3343,3308,3336,3342,3337,3338,3340,3339,3339,3337,3338,3337,3336,3335,3335,3336,3336,3335,3337,3336,3337,3337,3336,3336,3336,3337,3337,3337,3337,3338,3337,3337,3337,3336,3336,3336,3338,3336,3336,3337,3337,3336,"3338
"
2016-11-24 16:29:48:120B,,2,11675,3308,3340,0,30,0,29,0,177,0,0,0,0,3338,3336,3336,3337,3337,3336,3338,3338,3308,3334,3336,3337,3337,3340,3339,3339,3337,3338,3337,3336,3337,3335,3336,3335,3336,3338,3336,3337,3336,3336,3336,3336,3337,3337,3337,11810,11810,11042,11554,11042,3336,3336,3336,3338,3336,3336,3337,3337,3336,"3338
"
2016-11-24 16:29:48:924B,$#,2,16680,3308,3340,0,30,0,29,0,177,0,0,0,0,3338,3336,3336,3337,3337,3336,3338,3338,3308,3334,3336,3337,3337,3340,3339,3339,3337,3338,3337,3336,3337,3335,3336,3335,3336,3338,3336,3337,3336,3336,3336,3336,3337,3337,3337,3338,3338,3336,3337,3336,3336,3336,3336,3337,3336,3337,3337,3336,3336,"3337
"
2016-11-24 16:29:49:732B,$#,2,16681,3307,3341,0,30,0,29,0,178,0,0,0,0,3336,3336,3336,3336,3337,3340,3335,3339,3307,3338,3341,3337,3337,3340,3339,3339,3338,3338,3337,3336,3335,3336,3336,3334,3338,3337,3337,3337,3336,3336,3336,3336,3337,3337,3340,3337,3337,3337,3337,3337,3336,3336,3336,3336,3336,3336,3336,3337,3336,"3338
"
2016-11-24 16:29:50:539B,$#,2,16680,3307,3341,0,30,0,29,0,179,0,0,0,0,3338,3336,3336,3336,3337,3336,3336,3333,3307,3341,3337,3337,3338,3337,3339,3339,3337,3338,3337,3336,3335,3336,3336,3335,3336,3337,3337,3337,3336,3336,3336,3336,3336,3337,3336,3337,3337,3337,3337,3337,3336,3336,3336,3337,3336,3336,3337,3337,3336,"3337
"
2016-11-24 16:29:51:348B,$#,2,16681,3311,3339,0,30,0,29,0,180,0,0,0,0,3338,3337,3336,3336,3337,3336,3335,3338,3311,3338,3335,3336,3337,3338,3339,3339,3338,3338,3337,3336,3338,3335,3336,3336,3337,3337,3336,3336,3337,3336,3336,3336,3337,3337,3338,3337,3337,3337,3337,3337,3336,3337,3337,3336,3336,3336,3337,3336,3336,"3338
"
2016-11-24 16:29:52:156B,$#,2,16680,3308,3339,0,30,0,29,0,181,0,0,0,0,3338,3336,3336,3337,3337,3336,3338,3338,3308,3334,3335,3337,3338,3338,3339,3339,3338,3338,3337,3336,3335,3338,3336,3334,3336,3337,3336,3336,3337,3336,3336,3336,3336,3337,3337,3338,3337,3336,3337,3337,3336,3336,3335,3337,3336,3337,3337,3337,3336,"3337
"
2016-11-24 16:29:52:968B,$#,2,16680,3308,3339,0,30,0,29,0,181,0,0,0,0,3338,3336,3336,3337,3337,3336,3338,3338,3308,3334,3335,3337,3338,3338,3339,3339,3338,3338,3337,3336,3335,3338,3336,3334,3336,3337,3336,3336,3337,3336,3336,3336,3336,3337,3337,3338,3337,3336,3337,3337,3336,3336,3335,3337,3336,3337,3337,3337,3336,"3337
"
2016-11-24 16:29:53:773B,$#,2,16680,3307,3339,0,30,0,29,0,182,0,0,0,0,3335,3336,3336,3337,3337,3338,3335,3338,3307,3337,3334,3337,3338,3338,3339,3339,3337,3338,3337,3336,3337,3335,3337,3334,3335,3337,3336,3337,3337,3336,3336,3336,3337,3337,3336,3337,3337,3336,3337,3337,3336,3336,3337,3338,3336,3336,3337,3336,3336,"3336
"
2016-11-24 16:29:54:584B,$#,2,16679,3307,3342,0,30,0,29,0,183,0,0,0,0,3337,3336,3337,3336,3336,3335,3335,3328,3307,3342,3337,3337,3337,3337,3341,3338,3337,3338,3337,3336,3338,3335,3335,3334,3336,3337,3336,3336,3337,3336,3336,3337,3337,3337,3337,3338,3337,3337,3337,3337,3336,3336,3336,3337,3336,3336,3337,3337,3336,"3338
"
2016-11-24 16:29:55:390B,$#,2,16680,3308,3339,0,30,0,29,0,184,0,0,0,0,3337,3336,3336,3337,3336,3336,3338,3338,3308,3334,3336,3337,3337,3336,3338,3339,3337,3338,3337,3336,3336,3335,3336,3335,3336,3337,3336,3336,3337,3336,3336,3336,3336,3337,3336,3338,3337,3337,3338,3337,3336,3336,3337,3336,3336,3336,3338,3336,3336,"3338
"
2016-11-24 16:29:56:199B,$#,2,16682,3307,3346,0,30,0,29,0,185,0,0,0,0,3340,3337,3337,3336,3337,3338,3335,3342,3307,3338,3346,3337,3336,3338,3341,3339,3337,3338,3337,3336,3335,3335,3336,3334,3336,3337,3336,3336,3336,3336,3336,3336,3337,3336,3336,3337,3338,3337,3337,3337,3337,3336,3336,3336,3337,3337,3337,3336,3336,"3338
"
2016-11-24 16:29:57:009B,$#,2,16682,3307,3346,0,30,0,29,0,185,0,0,0,0,3340,3337,3337,3336,3337,3338,3335,3342,3307,3338,3346,3337,3336,3338,3341,3339,3337,3338,3337,3336,3335,3335,3336,3334,3336,3337,3336,3336,3336,3336,3336,3336,3337,3336,3336,3337,3338,3337,3337,3337,3337,3336,3336,3336,3337,3337,3337,3336,3336,"3338
"
2016-11-24 16:29:57:816B,$#,2,16680,3307,3341,0,30,0,29,0,186,0,0,0,0,3338,3336,3336,3337,3337,3338,3336,3341,3307,3338,3341,3336,3338,3337,3338,3339,3337,3338,3337,3336,3336,3335,3335,3335,3336,3337,3337,3336,3336,3336,3336,3336,3337,3337,3336,3337,3337,3337,3336,3337,3336,3336,3336,3337,3336,3336,3336,3336,3335,"3337
"
2016-11-24 16:29:58:625B,$#,2,16680,3310,3340,0,30,0,29,0,187,0,0,0,0,3338,3336,3337,3336,3337,3337,3335,3338,3310,3338,3333,3337,3340,3338,3338,3338,3338,3338,3337,3336,3335,3336,3336,3336,3337,3338,3336,3336,3337,3336,3336,3336,3336,3337,3336,3337,3338,3337,3338,3336,3336,3336,3335,3336,3336,3336,3337,3337,3336,"3338
"
2016-11-24 16:29:59:433B,$#,2,16680,3307,3342,0,30,0,29,0,188,0,0,0,0,3339,3336,3336,3336,3337,3340,3335,3330,3307,3338,3342,3337,3338,3337,3339,3338,3337,3338,3336,3336,3336,3336,3336,3334,3336,3337,3336,3337,3336,3336,3336,3336,3337,3337,3337,3337,3338,3337,3338,3336,3336,3336,3337,3336,3336,3337,3337,3336,3336,"3338
"
2016-11-24 16:30:00:241B,,2,16680,3307,3339,0,30,0,29,0,189,0,0,0,0,3337,3336,3336,3337,3337,3338,3336,3338,3307,3337,3337,3338,3338,3338,3339,3339,3337,3338,3337,3336,3336,3335,3335,3336,3336,3337,3336,3336,3337,3336,3336,3336,3337,3338,3336,3337,3338,3337,3338,3336,3336,3336,3337,3336,3335,3336,3337,3337,3336,"3338
"
2016-11-24 16:30:01:049B,$#,2,6671,3310,3338,0,29,0,29,0,190,0,0,0,0,3337,3337,3336,3336,3337,3336,3336,3338,3310,3338,3336,3336,3338,3337,3338,3338,3337,3338,3336,3336,3328,3335,3335,3336,3336,3337,3336,3336,3337,3336,3336,3336,3337,3338,3336,3337,3338,3337,3338,3336,3336,3336,3337,3336,3335,3336,3337,3337,3336,"3338
"
2016-11-24 16:30:01:858B,$#,2,16680,3310,3338,0,30,0,29,0,190,0,0,0,0,3337,3337,3336,3336,3337,3336,3336,3338,3310,3338,3336,3336,3338,3337,3338,3338,3337,3338,3336,3336,3336,3336,3335,3335,3336,3337,3336,3336,3337,3336,3336,3336,3337,3337,3336,3338,3337,3337,3337,3336,3336,3336,3336,3337,3336,3336,3337,3336,3336,"3337
"
2016-11-24 16:30:02:666B,$#,2,16679,3307,3341,0,30,0,29,0,191,0,0,0,0,3338,3336,3337,3336,3336,3336,3335,3328,3307,3341,3337,3336,3337,3338,3338,3339,3337,3338,3337,3336,3335,3337,3335,3335,3336,3337,3336,3336,3337,3336,3336,3336,3337,3336,3337,3337,3337,3337,3337,3337,3336,3336,3336,3336,3336,3336,3337,3337,3336,"3337
"
2016-11-24 16:30:03:475B,,2,16680,3307,3341,0,30,0,29,0,192,0,0,0,0,3338,3336,3338,3337,3337,3336,3335,3328,3307,3341,3336,3337,3337,3338,3339,3339,3337,3338,3337,3336,3336,3335,3335,3336,3336,3337,3336,3337,3337,3336,3336,3336,3337,3337,3337,3338,3338,3337,3338,3337,3336,3336,3337,3336,3336,3336,3337,3337,3336,"3338
"
2016-11-24 16:30:04:283B,$#,2,16680,3308,3339,0,30,0,29,0,193,0,0,0,0,3338,3336,3337,3336,3337,3336,3339,3338,3308,3336,3336,3337,3338,3337,3339,3338,3338,3338,3337,3336,3335,3336,3335,3334,3336,3337,3336,3337,3337,3336,3335,3336,3337,3337,3337,3338,3338,3337,3338,3336,3336,3336,3336,3336,3336,3336,3337,3337,3336,"3337
"
2016-11-24 16:30:05:092B,$#,2,13344,3308,3339,0,30,0,29,0,194,0,0,0,0,3338,3336,3337,3336,3337,3336,3339,3338,3308,3334,3336,3337,3337,3338,3338,3339,3337,3338,3337,3336,3335,3335,3336,3335,3336,3337,3336,3337,3337,3336,3336,3336,3337,3337,3336,3337,3337,3338,3337,3337,3336,3336,3337,8746,10786,3336,3337,3337,3336,"3337
"
2016-11-24 16:30:06:708B,,2,16680,3308,3339,0,30,0,29,0,195,0,0,0,0,3338,3336,3337,3337,3336,3336,3339,3338,3308,3335,3336,3336,3338,3337,3339,3339,3337,3338,3337,3336,3336,3335,3336,3334,3336,3337,3337,3337,3337,3336,3336,3336,3336,3337,3337,3337,3337,3337,3337,3337,3336,3336,3336,3338,3336,3336,3337,3337,3336,"3337
"
2016-11-24 16:30:07:520B,$#,2,16681,3307,3343,0,30,0,29,0,196,0,0,0,0,3337,3337,3336,3337,3336,3340,3336,3339,3307,3338,3343,3336,3338,3337,3339,3339,3337,3338,3337,3336,3336,3336,3336,3336,3336,3337,3336,3336,3337,3336,3336,3336,3337,3337,3336,3337,3337,3336,3338,3337,3336,3336,3336,3336,3336,3337,3337,3336,3336,"3338
"
2016-11-24 16:30:08:325B,$#,2,16680,3308,3339,0,30,0,29,0,197,0,0,0,0,3338,3336,3336,3336,3337,3335,3339,3338,3308,3337,3335,3337,3337,3338,3339,3338,3337,3338,3337,3336,3336,3336,3336,3335,3337,3338,3336,3336,3337,3336,3333,3336,3337,3338,3337,3338,3337,3337,3337,3336,3336,3336,3337,3336,3336,3336,3337,3336,3336,"3338
"
2016-11-24 16:30:09:133B,,2,16681,3308,3339,0,30,0,29,0,198,0,0,0,0,3338,3337,3336,3337,3337,3336,3339,3338,3308,3337,3336,3338,3336,3337,3338,3338,3338,3338,3337,3336,3337,3336,3336,3335,3337,3337,3336,3337,3337,3336,3336,3336,3336,3337,3336,3337,3337,3337,3338,3337,3336,3336,3337,3336,3336,3337,3337,3336,3336,"3337
"
2016-11-24 16:30:09:942B,$#,2,16681,3308,3339,0,30,0,29,0,198,0,0,0,0,3338,3337,3336,3337,3337,3336,3339,3338,3308,3337,3336,3338,3336,3337,3338,3338,3338,3338,3337,3336,3337,3336,3336,3335,3337,3337,3336,3337,3337,3336,3336,3336,3336,3337,3336,3337,3337,3337,3338,3337,3336,3336,3337,3336,3336,3337,3337,3336,3336,"3337
"
2016-11-24 16:30:10:750B,$#,2,16682,3307,3346,0,30,0,29,0,199,0,0,0,0,3339,3336,3335,3337,3337,3336,3335,3345,3307,3338,3346,3337,3337,3337,3338,3339,3338,3338,3337,3336,3336,3336,3338,3335,3336,3337,3337,3337,3337,3336,3336,3336,3337,3337,3337,3337,3337,3337,3337,3337,3336,3336,3336,3336,3336,3336,3337,3336,3336,"3338
"
2016-11-24 16:30:11:558B,$#,2,16679,3307,3339,0,30,0,29,0,200,0,0,0,0,3338,3336,3336,3336,3338,3338,3335,3338,3307,3338,3339,3337,3338,3327,3338,3339,3337,3338,3337,3336,3336,3335,3335,3335,3336,3337,3336,3336,3337,3336,3336,3336,3337,3337,3336,3337,3337,3337,3337,3337,3336,3337,3336,3336,3336,3336,3337,3336,3336,"3337
"
2016-11-24 16:30:13:176B,,2,16680,3310,3339,0,30,0,29,0,202,0,0,0,0,3338,3336,3336,3336,3338,3336,3335,3338,3310,3336,3334,3337,3338,3337,3339,3339,3337,3338,3337,3336,3336,3335,3336,3336,3336,3337,3337,3337,3336,3336,3336,3337,3337,3337,3337,3337,3337,3337,3337,3336,3336,3336,3337,3337,3336,3336,3337,3336,3335,"3338
"
2016-11-24 16:30:13:981B,$#,2,1668,3336,3337,0,0,0,0,0,203,0,0,0,0,3337,3336,3337,3336,3337,3336,3335,3338,3310,3336,3334,3337,3338,3337,3339,3339,3337,3338,3337,3336,3336,3335,3336,3336,3336,3337,3337,3337,3336,3336,3336,3337,3337,3337,3337,3337,3337,3337,3337,3336,3336,3336,3337,3337,3336,3336,3337,3336,3335,"3338
"
2016-11-24 16:30:14:793B,$#,2,16679,3308,3342,0,30,0,29,0,203,0,0,0,0,3337,3336,3337,3336,3337,3336,3335,3329,3308,3342,3336,3337,3338,3338,3338,3339,3337,3338,3337,3336,3336,3336,3336,3336,3335,3337,3336,3337,3337,3336,3336,3336,3337,3337,3337,3338,3337,3336,3337,3336,3336,3336,3335,3336,3336,3336,3337,3337,3336,"3338
"
2016-11-24 16:30:15:596B,$#,2,16681,3308,3340,0,30,0,29,0,204,0,0,0,0,3338,3336,3336,3336,3337,3336,3340,3338,3308,3337,3336,3340,3338,3338,3339,3339,3337,3338,3336,3336,3336,3336,3336,3335,3336,3337,3336,3336,3337,3336,3336,3336,3337,3337,3337,3338,3337,3337,3337,3337,3337,3336,3336,3336,3336,3336,3338,3337,3336,"3337
"
2016-11-24 16:30:16:401B,$#,2,16680,3308,3341,0,30,0,29,0,205,0,0,0,0,3338,3336,3339,3337,3337,3336,3335,3327,3308,3341,3336,3337,3338,3338,3339,3339,3338,3338,3337,3336,3336,3336,3335,3335,3336,3337,3336,3337,3336,3336,3336,3336,3337,3337,3337,3337,3338,3337,3337,3337,3336,3336,3336,3337,3336,3336,3337,3336,3336,"3338
"
2016-11-24 16:30:17:210B,$#,2,16681,3310,3341,0,30,0,29,0,206,0,0,0,0,3338,3336,3336,3337,3337,3336,3336,3339,3310,3338,3333,3340,3338,3337,3341,3339,3337,3338,3337,3336,3335,3335,3336,3335,3336,3337,3336,3337,3337,3336,3336,3336,3337,3337,3336,3338,3337,3337,3337,3336,3336,3337,3336,3336,3336,3336,3337,3337,3336,"3338
"
2016-11-24 16:30:18:017B,,2,6671,3308,3340,0,29,0,29,0,207,0,0,0,0,3338,3337,3336,3336,3337,3335,3336,3337,3308,3340,3336,3337,3338,3337,3339,3339,3338,3338,3337,3336,3337,3336,3335,3336,3336,3337,3336,3337,3337,3336,3336,3336,3337,3337,3336,3338,3337,3337,3337,3336,3336,3337,3336,3336,3336,3336,3337,3337,3336,"3338
"
2016-11-24 16:30:18:828B,$#,2,16681,3308,3340,0,30,0,29,0,207,0,0,0,0,3338,3337,3336,3336,3337,3335,3336,3337,3308,3340,3336,3337,3338,3337,3339,3339,3338,3338,3337,3336,3337,3336,3335,3336,3336,3338,3336,3337,3337,3336,3336,3336,3337,3337,3336,3338,3337,3337,3338,3337,3336,3336,3336,3337,3336,3336,3337,3336,3336,"3338
"
2016-11-24 16:30:19:633B,,2,16680,3307,3341,0,30,0,29,0,208,0,0,0,0,3338,3337,3338,3337,3337,3336,3335,3334,3307,3341,3336,3336,3338,3337,3338,3339,3337,3338,3337,3336,3336,3336,3336,3334,3336,3337,3336,3336,3336,3336,3336,3337,3336,3337,3337,3337,3336,3337,3337,3336,3336,3336,3336,3336,3336,3336,3337,3337,3336,"3338
"
2016-11-24 16:30:20:442B,$#,2,16680,3308,3341,0,30,0,29,0,209,0,0,0,0,3338,3336,3336,3336,3337,3336,3336,3338,3308,3339,3337,3337,3336,3337,3341,3339,3338,3338,3337,3336,3335,3337,3335,3334,3336,3337,3337,3337,3337,3336,3336,3336,3337,3337,3336,3337,3337,3337,3337,3337,3336,3336,3338,3336,3336,3336,3337,3337,3336,"3337
"
