2016-11-24 17:37:41:105T,$#,1,0,0,0,28,0,0,0,28,0,0,0,28,0,0,0,28,0,0,0,28,	
2016-11-24 17:37:41:500T,$#,2,0,0,29,29,29,29,26,26,26,29,26,26,30,29,26,26,29,0,26,0,	
2016-11-24 17:37:41:913T,$#,1,0,0,0,28,0,0,0,28,0,0,0,28,0,0,0,28,0,0,0,28,	
2016-11-24 17:37:42:309T,$#,2,0,0,29,29,29,29,26,26,26,29,26,26,30,29,26,26,29,0,26,0,	
2016-11-24 17:37:42:721T,$#,1,0,0,0,28,0,0,0,28,0,0,0,28,0,0,0,28,0,0,0,28,	
2016-11-24 17:37:43:118T,$#,2,0,0,29,29,29,29,26,26,26,29,26,26,30,29,26,26,29,0,26,0,	
2016-11-24 17:37:43:530T,$#,1,0,0,0,28,0,0,0,28,0,0,0,28,0,0,0,28,0,0,0,28,	
2016-11-24 17:37:43:926T,$#,2,0,0,29,29,29,29,26,26,26,29,26,26,30,29,26,26,29,0,26,0,	
2016-11-24 17:37:44:339T,$#,1,0,0,0,28,0,0,0,28,0,0,0,28,0,0,0,28,0,0,0,28,	
2016-11-24 17:37:44:735T,$#,2,0,0,29,29,29,29,26,26,26,29,26,26,30,29,26,26,29,0,26,0,	
2016-11-24 17:37:45:146T,$#,1,0,0,0,28,0,0,0,28,0,0,0,28,0,0,0,28,0,0,0,28,	
2016-11-24 17:37:45:542T,$#,2,0,0,29,29,29,29,26,26,26,29,26,26,30,29,26,26,29,0,26,0,	
2016-11-24 17:37:45:955T,$#,1,0,0,0,28,0,0,0,28,0,0,0,28,0,0,0,28,0,0,0,28,	
2016-11-24 17:37:46:351T,$#,2,0,0,29,29,29,29,26,26,26,29,26,26,30,29,26,26,29,0,26,0,	
2016-11-24 17:37:46:763T,$#,1,0,0,0,28,0,0,0,28,0,0,0,28,0,0,0,28,0,0,0,28,	
2016-11-24 17:37:47:159T,$#,2,0,0,29,29,29,29,26,26,26,29,26,26,30,29,26,26,29,0,26,0,	
2016-11-24 17:37:47:572T,$#,1,0,0,0,28,0,0,0,28,0,0,0,28,0,0,0,28,0,0,0,28,	
2016-11-24 17:37:47:968T,$#,2,0,0,29,29,29,29,26,26,26,29,26,26,30,29,26,26,29,0,26,0,	
2016-11-24 17:37:48:381T,$#,1,0,0,0,28,0,0,0,28,0,0,0,28,0,0,0,28,0,0,0,28,	
2016-11-24 17:37:48:777T,$#,2,0,0,29,29,29,29,26,26,26,29,26,26,30,29,26,26,29,0,26,0,	
2016-11-24 17:37:49:188T,$#,1,0,0,0,28,0,0,0,28,0,0,0,28,0,0,0,28,0,0,0,28,	
2016-11-24 17:37:49:584T,$#,2,0,0,29,29,29,29,26,26,26,29,26,26,30,29,26,26,29,0,26,0,	
2016-11-24 17:37:49:997T,$#,1,0,0,0,28,0,0,0,28,0,0,0,28,0,0,0,28,0,0,0,28,	
2016-11-24 17:37:50:393T,$#,2,0,0,29,29,29,29,26,26,26,29,26,26,30,29,26,26,29,0,26,0,	
2016-11-24 17:37:50:805T,$#,1,0,0,0,28,0,0,0,28,0,0,0,28,0,0,0,28,0,0,0,28,	
2016-11-24 17:37:51:201T,$#,2,0,0,29,29,29,29,26,26,26,29,26,26,30,29,26,26,29,0,26,0,	
2016-11-24 17:37:51:614T,$#,1,0,0,0,28,0,0,0,28,0,0,0,28,0,0,0,28,0,0,0,28,	
2016-11-24 17:37:52:010T,$#,2,0,0,29,29,29,29,26,26,26,29,26,26,30,29,26,26,29,0,26,0,	
2016-11-24 17:37:52:422T,$#,1,0,0,0,28,0,0,0,28,0,0,0,28,0,0,0,28,0,0,0,28,	
2016-11-24 17:37:52:818T,$#,2,0,0,29,29,29,29,26,26,26,29,26,26,30,29,26,26,29,0,26,0,	
2016-11-24 17:37:53:230T,$#,1,0,0,0,28,0,0,0,28,0,0,0,28,0,0,0,28,0,0,0,28,	
2016-11-24 17:37:53:626T,$#,2,0,0,29,29,29,29,26,26,26,29,26,26,30,29,26,26,29,0,26,0,	
2016-11-24 17:37:54:038T,$#,1,0,0,0,28,0,0,0,28,0,0,0,28,0,0,0,28,0,0,0,28,	
2016-11-24 17:37:54:435T,$#,2,0,0,29,29,29,29,26,26,26,29,26,26,30,29,26,26,29,0,26,0,	
2016-11-24 17:37:54:847T,$#,1,0,0,0,28,0,0,0,28,0,0,0,28,0,0,0,28,0,0,0,28,	
2016-11-24 17:37:55:243T,$#,2,0,0,29,29,29,29,26,26,26,29,26,26,30,29,26,26,29,0,26,0,	
2016-11-24 17:37:55:655T,$#,1,0,0,0,28,0,0,0,28,0,0,0,28,0,0,0,28,0,0,0,28,	
2016-11-24 17:37:56:052T,$#,2,0,0,29,29,29,29,26,26,26,29,26,26,30,29,26,26,29,0,26,0,	
2016-11-24 17:37:56:464T,$#,1,0,0,0,28,0,0,0,28,0,0,0,28,0,0,0,28,0,0,0,28,	
2016-11-24 17:37:56:860T,$#,2,0,0,29,29,29,29,26,26,26,29,26,26,30,29,26,26,29,0,26,0,	
2016-11-24 17:37:57:273T,$#,1,0,0,0,28,0,0,0,28,0,0,0,28,0,0,0,28,0,0,0,28,	
2016-11-24 17:37:57:669T,$#,2,0,0,29,29,29,29,26,26,26,29,26,26,30,29,26,26,29,0,26,0,	
2016-11-24 17:37:58:080T,$#,1,0,0,0,28,0,0,0,28,0,0,0,28,0,0,0,28,0,0,0,28,	
2016-11-24 17:37:58:476T,$#,2,0,0,29,29,29,29,26,26,26,29,26,26,30,29,26,26,29,0,26,0,	
2016-11-24 17:37:58:889T,$#,1,0,0,0,28,0,0,0,28,0,0,0,28,0,0,0,28,0,0,0,28,	
2016-11-24 17:37:59:285T,$#,2,0,0,29,29,29,29,26,26,26,29,26,26,30,29,26,26,29,0,26,0,	
2016-11-24 17:37:59:697T,$#,1,0,0,0,28,0,0,0,28,0,0,0,28,0,0,0,28,0,0,0,28,	
2016-11-24 17:38:00:093T,$#,2,0,0,29,29,29,29,26,26,26,29,26,26,30,29,26,26,29,0,26,0,	
2016-11-24 17:38:00:506T,$#,1,0,0,0,28,0,0,0,28,0,0,0,28,0,0,0,28,0,0,0,28,	
2016-11-24 17:38:00:902T,$#,2,0,0,29,29,29,29,26,26,26,29,26,26,30,29,26,26,29,0,26,0,	
2016-11-24 17:38:01:314T,$#,1,0,0,0,28,0,0,0,28,0,0,0,28,0,0,0,28,0,0,0,28,	
2016-11-24 17:38:01:710T,$#,2,0,0,29,29,29,29,26,26,26,29,26,26,30,29,26,26,29,0,26,0,	
2016-11-24 17:38:02:123T,$#,1,0,0,0,28,0,0,0,28,0,0,0,28,0,0,0,28,0,0,0,28,	
2016-11-24 17:38:02:519T,$#,2,0,0,29,29,29,29,26,26,26,29,26,26,30,29,26,26,29,0,26,0,	
2016-11-24 17:38:02:931T,$#,1,0,0,0,28,0,0,0,28,0,0,0,28,0,0,0,28,0,0,0,28,	
2016-11-24 17:38:03:328T,$#,2,0,0,29,29,29,29,26,26,26,29,26,26,30,29,26,26,29,0,26,0,	
2016-11-24 17:38:03:741T,$#,1,0,0,0,28,0,0,0,28,0,0,0,28,0,0,0,28,0,0,0,28,	
2016-11-24 17:38:04:136T,$#,2,0,0,29,29,29,29,26,26,26,29,26,26,30,29,26,26,29,0,26,0,	
2016-11-24 17:38:04:548T,$#,1,0,0,0,28,0,0,0,28,0,0,0,28,0,0,0,28,0,0,0,28,	
2016-11-24 17:38:04:945T,$#,2,0,0,29,29,29,29,26,26,26,29,26,26,30,29,26,26,29,0,26,0,	
2016-11-24 17:38:05:357T,$#,1,0,0,0,28,0,0,0,28,0,0,0,28,0,0,0,28,0,0,0,28,	
2016-11-24 17:38:05:753T,$#,2,0,0,29,29,29,29,26,26,26,29,26,26,30,29,26,26,29,0,26,0,	
2016-11-24 17:38:06:166T,$#,1,0,0,0,28,0,0,0,28,0,0,0,28,0,0,0,28,0,0,0,28,	
2016-11-24 17:38:06:562T,$#,2,0,0,29,29,29,29,26,26,26,29,26,26,30,29,26,26,29,0,26,0,	
2016-11-24 17:38:09:077T,$#,1,0,0,0,28,0,0,0,28,0,0,0,28,0,0,0,28,0,0,0,28,	
2016-11-24 17:38:09:473T,$#,2,0,0,29,29,29,29,26,26,26,29,26,26,30,29,26,26,29,0,26,0,	
2016-11-24 17:38:09:885T,$#,1,0,0,0,28,0,0,0,28,0,0,0,28,0,0,0,28,0,0,0,28,	
2016-11-24 17:38:10:282T,$#,2,0,0,29,29,29,29,26,26,26,29,26,26,30,29,26,26,29,0,26,0,	
2016-11-24 17:38:10:694T,$#,1,0,0,0,28,0,0,0,28,0,0,0,28,0,0,0,28,0,0,0,28,	
2016-11-24 17:38:11:090T,$#,2,0,0,29,29,29,29,26,26,26,29,26,26,30,29,26,26,29,0,26,0,	
2016-11-24 17:38:11:502T,$#,1,0,0,0,28,0,0,0,28,0,0,0,28,0,0,0,28,0,0,0,28,	
2016-11-24 17:38:11:899T,$#,2,0,0,29,29,29,29,26,26,26,29,26,26,30,29,26,26,29,0,26,0,	
2016-11-24 17:38:12:311T,$#,1,0,0,0,28,0,0,0,28,0,0,0,28,0,0,0,28,0,0,0,28,	
2016-11-24 17:38:12:707T,$#,2,0,0,29,29,29,29,26,26,26,29,26,26,30,29,26,26,29,0,26,0,	
2016-11-24 17:38:13:120T,$#,1,0,0,0,28,0,0,0,28,0,0,0,28,0,0,0,28,0,0,0,28,	
2016-11-24 17:38:13:516T,$#,2,0,0,29,29,29,29,26,26,26,29,26,26,30,29,26,26,29,0,26,0,	
2016-11-24 17:38:13:928T,$#,1,0,0,0,28,0,0,0,28,0,0,0,28,0,0,0,28,0,0,0,28,	
2016-11-24 17:38:14:325T,$#,2,0,0,29,29,29,29,26,26,26,29,26,26,30,29,26,26,29,0,26,0,	
2016-11-24 17:38:14:737T,$#,1,0,0,0,28,0,0,0,28,0,0,0,28,0,0,0,28,0,0,0,28,	
2016-11-24 17:38:15:133T,$#,2,0,0,29,29,29,29,26,26,26,29,26,26,30,29,26,26,29,0,26,0,	
2016-11-24 17:38:15:546T,$#,1,0,0,0,28,0,0,0,28,0,0,0,28,0,0,0,28,0,0,0,28,	
2016-11-24 17:38:15:942T,$#,2,0,0,29,29,29,29,26,26,26,29,26,26,30,29,26,26,29,0,26,0,	
2016-11-24 17:38:16:354T,$#,1,0,0,0,28,0,0,0,28,0,0,0,28,0,0,0,28,0,0,0,28,	
2016-11-24 17:38:16:750T,$#,2,0,0,29,29,29,29,26,26,26,29,26,26,30,29,26,26,29,0,26,0,	
2016-11-24 17:38:17:162T,$#,1,0,0,0,28,0,0,0,28,0,0,0,28,0,0,0,28,0,0,0,28,	
2016-11-24 17:38:17:559T,$#,2,0,0,29,29,29,29,26,26,26,29,26,26,30,29,26,26,29,0,26,0,	
2016-11-24 17:38:17:971T,$#,1,0,0,0,28,0,0,0,28,0,0,0,28,0,0,0,28,0,0,0,28,	
2016-11-24 17:38:18:367T,$#,2,0,0,29,29,29,29,26,26,26,29,26,26,30,29,26,26,29,0,26,0,	
2016-11-24 17:38:18:780T,$#,1,0,0,0,28,0,0,0,28,0,0,0,28,0,0,0,28,0,0,0,28,	
2016-11-24 17:38:19:176T,$#,2,0,0,29,29,29,29,26,26,26,29,26,26,30,29,26,26,29,0,26,0,	
2016-11-24 17:38:19:588T,$#,1,0,0,0,28,0,0,0,28,0,0,0,28,0,0,0,28,0,0,0,28,	
2016-11-24 17:38:19:984T,$#,2,0,0,29,29,29,29,26,26,26,29,26,26,30,29,26,26,29,0,26,0,	
2016-11-24 17:38:20:397T,$#,1,0,0,0,28,0,0,0,28,0,0,0,28,0,0,0,28,0,0,0,28,	
2016-11-24 17:38:20:793T,$#,2,0,0,29,29,29,29,26,26,26,29,26,26,30,29,26,26,29,0,26,0,	
2016-11-24 17:38:21:205T,$#,1,0,0,0,28,0,0,0,28,0,0,0,28,0,0,0,28,0,0,0,28,	
2016-11-24 17:38:21:601T,$#,2,0,0,29,29,29,29,26,26,26,29,26,26,30,29,26,26,29,0,26,0,	
2016-11-24 17:38:22:012T,$#,1,0,0,0,28,0,0,0,28,0,0,0,28,0,0,0,28,0,0,0,28,	
2016-11-24 17:38:22:408T,$#,2,0,0,29,29,29,29,26,26,26,29,26,26,30,29,26,26,29,0,26,0,	
2016-11-24 17:38:22:821T,$#,1,0,0,0,28,0,0,0,28,0,0,0,28,0,0,0,28,0,0,0,28,	
2016-11-24 17:38:23:217T,$#,2,0,0,29,29,29,29,26,26,26,29,26,26,30,29,26,26,29,0,26,0,	
2016-11-24 17:38:23:629T,$#,1,0,0,0,28,0,0,0,28,0,0,0,28,0,0,0,28,0,0,0,28,	
2016-11-24 17:38:24:025T,$#,2,0,0,29,29,29,29,26,26,26,29,26,26,30,29,26,26,29,0,26,0,	
2016-11-24 17:38:24:438T,$#,1,0,0,0,28,0,0,0,28,0,0,0,28,0,0,0,28,0,0,0,28,	
2016-11-24 17:38:24:834T,$#,2,0,0,29,29,29,29,26,26,26,29,26,26,30,29,26,26,29,0,26,0,	
2016-11-24 17:38:25:246T,$#,1,0,0,0,28,0,0,0,28,0,0,0,28,0,0,0,28,0,0,0,28,	
2016-11-24 17:38:25:643T,$#,2,0,0,29,29,29,29,26,26,26,29,26,26,30,29,26,26,29,0,26,0,	
2016-11-24 17:38:26:054T,$#,1,0,0,0,28,0,0,0,28,0,0,0,28,0,0,0,28,0,0,0,28,	
2016-11-24 17:38:26:450T,$#,2,0,0,29,29,29,29,26,26,26,29,26,26,30,29,26,26,29,0,26,0,	
2016-11-24 17:38:26:863T,$#,1,0,0,0,28,0,0,0,28,0,0,0,28,0,0,0,28,0,0,0,28,	
2016-11-24 17:38:27:259T,$#,2,0,0,29,29,29,29,26,26,26,29,26,26,30,29,26,26,29,0,26,0,	
2016-11-24 17:38:27:671T,$#,1,0,0,0,28,0,0,0,28,0,0,0,28,0,0,0,28,0,0,0,28,	
2016-11-24 17:38:28:067T,$#,2,0,0,29,29,29,29,26,26,26,29,26,26,30,29,26,26,29,0,26,0,	
2016-11-24 17:38:28:480T,$#,1,0,0,0,28,0,0,0,28,0,0,0,28,0,0,0,28,0,0,0,28,	
2016-11-24 17:38:28:876T,$#,2,0,0,29,29,29,29,26,26,26,29,26,26,30,29,26,26,29,0,26,0,	
2016-11-24 17:38:29:289T,$#,1,0,0,0,28,0,0,0,28,0,0,0,28,0,0,0,28,0,0,0,28,	
2016-11-24 17:38:29:685T,$#,2,0,0,29,29,29,29,26,26,26,29,26,26,30,29,26,26,29,0,26,0,	
2016-11-24 17:38:30:097T,$#,1,0,0,0,28,0,0,0,28,0,0,0,28,0,0,0,28,0,0,0,28,	
2016-11-24 17:38:30:493T,$#,2,0,0,29,29,29,29,26,26,26,29,26,26,30,29,26,26,29,0,26,0,	
2016-11-24 17:38:30:906T,$#,1,0,0,0,28,0,0,0,28,0,0,0,28,0,0,0,28,0,0,0,28,	
2016-11-24 17:38:31:302T,$#,2,0,0,29,29,29,29,26,26,26,29,26,26,30,29,26,26,29,0,26,0,	
2016-11-24 17:38:31:714T,$#,1,0,0,0,28,0,0,0,28,0,0,0,28,0,0,0,28,0,0,0,28,	
2016-11-24 17:38:32:110T,$#,2,0,0,29,29,29,29,26,26,26,29,26,26,30,29,26,26,29,0,26,0,	
2016-11-24 17:38:32:523T,$#,1,0,0,0,28,0,0,0,28,0,0,0,28,0,0,0,28,0,0,0,28,	
2016-11-24 17:38:32:919T,$#,2,0,0,29,29,29,29,26,26,26,29,26,26,30,29,26,26,29,0,26,0,	
2016-11-24 17:38:33:331T,$#,1,0,0,0,28,0,0,0,28,0,0,0,28,0,0,0,28,0,0,0,28,	
2016-11-24 17:38:33:726T,$#,2,0,0,29,29,29,29,26,26,26,29,26,26,30,29,26,26,29,0,26,0,	
2016-11-24 17:38:34:139T,$#,1,0,0,0,28,0,0,0,28,0,0,0,28,0,0,0,28,0,0,0,28,	
2016-11-24 17:38:34:535T,$#,2,0,0,29,29,29,29,26,26,26,29,26,26,30,29,26,26,29,0,26,0,	
2016-11-24 17:38:34:948T,$#,1,0,0,0,28,0,0,0,28,0,0,0,28,0,0,0,28,0,0,0,28,	
2016-11-24 17:38:35:344T,$#,2,0,0,29,29,29,29,26,26,26,29,26,26,30,29,26,26,29,0,26,0,	
2016-11-24 17:38:35:757T,$#,1,0,0,0,28,0,0,0,28,0,0,0,28,0,0,0,28,0,0,0,28,	
2016-11-24 17:38:36:152T,$#,2,0,0,29,29,29,29,26,26,26,29,26,26,30,29,26,26,29,0,26,0,	
2016-11-24 17:38:36:566T,$#,1,0,0,0,28,0,0,0,28,0,0,0,28,0,0,0,28,0,0,0,28,	
2016-11-24 17:38:36:961T,$#,2,0,0,29,29,29,29,26,26,26,29,26,26,30,29,26,26,29,0,26,0,	
2016-11-24 17:38:37:373T,$#,1,0,0,0,28,0,0,0,28,0,0,0,28,0,0,0,28,0,0,0,28,	
2016-11-24 17:38:37:769T,$#,2,0,0,29,29,29,29,26,26,26,29,26,26,30,29,26,26,29,0,26,0,	
2016-11-24 17:38:38:181T,$#,1,0,0,0,28,0,0,0,28,0,0,0,28,0,0,0,28,0,0,0,28,	
2016-11-24 17:38:38:577T,$#,2,0,0,29,29,29,29,26,26,26,29,26,26,30,29,26,26,29,0,26,0,	
2016-11-24 17:38:38:989T,$#,1,0,0,0,28,0,0,0,28,0,0,0,28,0,0,0,28,0,0,0,28,	
2016-11-24 17:38:39:385T,$#,2,0,0,29,29,29,29,26,26,26,29,26,26,30,29,26,26,29,0,26,0,	
2016-11-24 17:38:39:798T,$#,1,0,0,0,28,0,0,0,28,0,0,0,28,0,0,0,28,0,0,0,28,	
2016-11-24 17:38:40:194T,$#,2,0,0,29,29,29,29,26,26,26,29,26,26,30,29,26,26,29,0,26,0,	
2016-11-24 17:38:40:607T,$#,1,0,0,0,28,0,0,0,28,0,0,0,28,0,0,0,28,0,0,0,28,	
2016-11-24 17:38:41:002T,$#,2,0,0,29,29,29,29,26,26,26,29,26,26,30,29,26,26,29,0,26,0,	
2016-11-24 17:38:41:415T,$#,1,0,0,0,28,0,0,0,28,0,0,0,28,0,0,0,28,0,0,0,28,	
2016-11-24 17:38:41:811T,$#,2,0,0,29,29,29,29,26,26,26,29,26,26,30,29,26,26,29,0,26,0,	
2016-11-24 17:38:42:224T,$#,1,0,0,0,28,0,0,0,28,0,0,0,28,0,0,0,28,0,0,0,28,	
2016-11-24 17:38:42:619T,$#,2,0,0,29,29,29,29,26,26,26,29,26,26,30,29,26,26,29,0,26,0,	
2016-11-24 17:38:43:032T,$#,1,0,0,0,28,0,0,0,28,0,0,0,28,0,0,0,28,0,0,0,28,	
2016-11-24 17:38:43:429T,$#,2,0,0,29,29,29,29,26,26,26,29,26,26,30,29,26,26,29,0,26,0,	
2016-11-24 17:38:43:841T,$#,1,0,0,0,28,0,0,0,28,0,0,0,28,0,0,0,28,0,0,0,28,	
2016-11-24 17:38:44:237T,$#,2,0,0,29,29,29,29,26,26,26,29,26,26,30,29,26,26,29,0,26,0,	
2016-11-24 17:38:44:650T,$#,1,0,0,0,28,0,0,0,28,0,0,0,28,0,0,0,28,0,0,0,28,	
2016-11-24 17:38:45:045T,$#,2,0,0,29,29,29,29,26,26,26,29,26,26,30,29,26,26,29,0,26,0,	
2016-11-24 17:38:45:458T,$#,1,0,0,0,28,0,0,0,28,0,0,0,28,0,0,0,28,0,0,0,28,	
2016-11-24 17:38:45:854T,$#,2,0,0,29,29,29,29,26,26,26,29,26,26,30,29,26,26,29,0,26,0,	
2016-11-24 17:38:46:266T,$#,1,0,0,0,28,0,0,0,28,0,0,0,28,0,0,0,28,0,0,0,28,	
2016-11-24 17:38:46:662T,$#,2,0,0,29,29,29,29,26,26,26,29,26,26,30,29,26,26,29,0,26,0,	
2016-11-24 17:38:47:075T,$#,1,0,0,0,28,0,0,0,28,0,0,0,28,0,0,0,28,0,0,0,28,	
2016-11-24 17:38:47:471T,$#,2,0,0,29,29,29,29,26,26,26,29,26,26,30,29,26,26,29,0,26,0,	
2016-11-24 17:38:47:883T,$#,1,0,0,0,28,0,0,0,28,0,0,0,28,0,0,0,28,0,0,0,28,	
2016-11-24 17:38:48:279T,$#,2,0,0,29,29,29,29,26,26,26,29,26,26,30,29,26,26,29,0,26,0,	
2016-11-24 17:38:48:692T,$#,1,0,0,0,28,0,0,0,28,0,0,0,28,0,0,0,28,0,0,0,28,	
2016-11-24 17:38:49:088T,$#,2,0,0,29,29,29,29,26,26,26,29,26,26,30,29,26,26,29,0,26,0,	
2016-11-24 17:38:49:500T,$#,1,0,0,0,28,0,0,0,28,0,0,0,28,0,0,0,28,0,0,0,28,	
2016-11-24 17:38:49:897T,$#,2,0,0,29,29,29,29,26,26,26,29,26,26,30,29,26,26,29,0,26,0,	
2016-11-24 17:38:50:309T,$#,1,0,0,0,28,0,0,0,28,0,0,0,28,0,0,0,28,0,0,0,28,	
2016-11-24 17:38:50:705T,$#,2,0,0,29,29,29,29,26,26,26,29,26,26,30,29,26,26,29,0,26,0,	
2016-11-24 17:38:51:118T,$#,1,0,0,0,28,0,0,0,28,0,0,0,28,0,0,0,28,0,0,0,28,	
2016-11-24 17:38:51:514T,$#,2,0,0,29,29,29,29,26,26,26,29,26,26,30,29,26,26,29,0,26,0,	
2016-11-24 17:38:51:926T,$#,1,0,0,0,28,0,0,0,28,0,0,0,28,0,0,0,28,0,0,0,28,	
2016-11-24 17:38:52:323T,$#,2,0,0,29,29,29,29,26,26,26,29,26,26,30,29,26,26,29,0,26,0,	
2016-11-24 17:38:52:735T,$#,1,0,0,0,28,0,0,0,28,0,0,0,28,0,0,0,28,0,0,0,28,	
2016-11-24 17:38:53:131T,$#,2,0,0,29,29,29,29,26,26,26,29,26,26,30,29,26,26,29,0,26,0,	
2016-11-24 17:38:53:544T,$#,1,0,0,0,28,0,0,0,28,0,0,0,28,0,0,0,28,0,0,0,28,	
2016-11-24 17:38:53:940T,$#,2,0,0,29,29,29,29,26,26,26,29,26,26,30,29,26,26,29,0,26,0,	
2016-11-24 17:38:54:352T,$#,1,0,0,0,28,0,0,0,28,0,0,0,28,0,0,0,28,0,0,0,28,	
2016-11-24 17:38:54:749T,$#,2,0,0,29,29,29,29,26,26,26,29,26,26,30,29,26,26,29,0,26,0,	
2016-11-24 17:38:55:161T,$#,1,0,0,0,28,0,0,0,28,0,0,0,28,0,0,0,28,0,0,0,28,	
2016-11-24 17:38:55:557T,$#,2,0,0,29,29,29,29,26,26,26,29,26,26,30,29,26,26,29,0,26,0,	
2016-11-24 17:38:55:969T,$#,1,0,0,0,28,0,0,0,28,0,0,0,28,0,0,0,28,0,0,0,28,	
2016-11-24 17:38:56:365T,$#,2,0,0,29,29,29,29,26,26,26,29,26,26,30,29,26,26,29,0,26,0,	
2016-11-24 17:38:56:777T,$#,1,0,0,0,28,0,0,0,28,0,0,0,28,0,0,0,28,0,0,0,28,	
2016-11-24 17:38:57:173T,$#,2,0,0,29,29,29,29,26,26,26,29,26,26,30,29,26,26,29,0,26,0,	
2016-11-24 17:38:57:586T,$#,1,0,0,0,28,0,0,0,28,0,0,0,28,0,0,0,28,0,0,0,28,	
2016-11-24 17:38:57:982T,$#,2,0,0,29,29,29,29,26,26,26,29,26,26,30,29,26,26,29,0,26,0,	
2016-11-24 17:38:58:394T,$#,1,0,0,0,28,0,0,0,28,0,0,0,28,0,0,0,28,0,0,0,28,	
2016-11-24 17:38:58:791T,$#,2,0,0,29,29,29,29,26,26,26,29,26,26,30,29,26,26,29,0,26,0,	
2016-11-24 17:38:59:203T,$#,1,0,0,0,28,0,0,0,28,0,0,0,28,0,0,0,28,0,0,0,28,	
2016-11-24 17:38:59:599T,$#,2,0,0,29,29,29,29,26,26,26,29,26,26,30,29,26,26,29,0,26,0,	
2016-11-24 17:39:00:012T,$#,1,0,0,0,28,0,0,0,28,0,0,0,28,0,0,0,28,0,0,0,28,	
2016-11-24 17:39:00:408T,$#,2,0,0,29,29,29,29,26,26,26,29,26,26,30,29,26,26,29,0,26,0,	
2016-11-24 17:39:00:820T,$#,1,0,0,0,28,0,0,0,28,0,0,0,28,0,0,0,28,0,0,0,28,	
2016-11-24 17:39:01:216T,$#,2,0,0,29,29,29,29,26,26,26,29,26,26,30,29,26,26,29,0,26,0,	
2016-11-24 17:39:01:629T,$#,1,0,0,0,28,0,0,0,28,0,0,0,28,0,0,0,28,0,0,0,28,	
2016-11-24 17:39:02:025T,$#,2,0,0,29,29,29,29,26,26,26,29,26,26,30,29,26,26,29,0,26,0,	
2016-11-24 17:39:02:437T,$#,1,0,0,0,28,0,0,0,28,0,0,0,28,0,0,0,28,0,0,0,28,	
2016-11-24 17:39:02:833T,$#,2,0,0,29,29,29,29,26,26,26,29,26,26,30,29,26,26,29,0,26,0,	
2016-11-24 17:39:03:245T,$#,1,0,0,0,28,0,0,0,28,0,0,0,28,0,0,0,28,0,0,0,28,	
2016-11-24 17:39:03:641T,$#,2,0,0,29,29,29,29,26,26,26,29,26,26,30,29,26,26,29,0,26,0,	
2016-11-24 17:39:04:054T,$#,1,0,0,0,28,0,0,0,28,0,0,0,28,0,0,0,28,0,0,0,28,	
2016-11-24 17:39:04:450T,$#,2,0,0,29,29,29,29,26,26,26,29,26,26,30,29,26,26,29,0,26,0,	
2016-11-24 17:39:04:862T,$#,1,0,0,0,28,0,0,0,28,0,0,0,28,0,0,0,28,0,0,0,28,	
2016-11-24 17:39:05:259T,$#,2,0,0,29,29,29,29,26,26,26,29,26,26,30,29,26,26,29,0,26,0,	
2016-11-24 17:39:05:671T,$#,1,0,0,0,28,0,0,0,28,0,0,0,28,0,0,0,28,0,0,0,28,	
2016-11-24 17:39:06:067T,$#,2,0,0,29,29,29,29,26,26,26,29,26,26,30,29,26,26,29,0,26,0,	
2016-11-24 17:39:06:479T,$#,1,0,0,0,28,0,0,0,28,0,0,0,28,0,0,0,28,0,0,0,28,	
2016-11-24 17:39:06:875T,$#,2,0,0,29,29,29,29,26,26,26,29,26,26,30,29,26,26,29,0,26,0,	
2016-11-24 17:39:07:287T,$#,1,0,0,0,28,0,0,0,28,0,0,0,28,0,0,0,28,0,0,0,28,	
2016-11-24 17:39:07:684T,$#,2,0,0,29,29,29,29,26,26,26,29,26,26,30,29,26,26,29,0,26,0,	
2016-11-24 17:39:08:096T,$#,1,0,0,0,28,0,0,0,28,0,0,0,28,0,0,0,28,0,0,0,28,	
2016-11-24 17:39:08:492T,$#,2,0,0,29,29,29,29,26,26,26,29,26,26,30,29,26,26,29,0,26,0,	
2016-11-24 17:39:08:903T,$#,1,0,0,0,28,0,0,0,28,0,0,0,28,0,0,0,28,0,0,0,28,	
2016-11-24 17:39:09:299T,,2,0,0,29,29,29,29,26,26,26,29,26,26,30,29,26,26,29,0,26,0,	
2016-11-24 17:39:09:712T,$#,1,0,0,0,28,0,0,0,28,0,0,0,28,0,0,0,28,0,0,0,28,	
2016-11-24 17:39:10:108T,$#,2,0,0,29,29,29,29,26,26,26,29,26,26,30,29,26,26,29,0,26,0,	
2016-11-24 17:39:10:520T,$#,1,0,0,0,28,0,0,0,28,0,0,0,28,0,0,0,28,0,0,0,28,	
2016-11-24 17:39:10:916T,$#,2,0,0,29,29,29,29,26,26,26,29,26,26,30,29,26,26,29,0,26,0,	
2016-11-24 17:39:11:329T,$#,1,0,0,0,28,0,0,0,28,0,0,0,28,0,0,0,28,0,0,0,28,	
2016-11-24 17:39:11:725T,$#,2,0,0,29,29,29,29,26,26,26,29,26,26,30,29,26,26,29,0,26,0,	
2016-11-24 17:39:12:137T,$#,1,0,0,0,28,0,0,0,28,0,0,0,28,0,0,0,28,0,0,0,28,	
2016-11-24 17:39:12:534T,$#,2,0,0,29,29,29,29,26,26,26,29,26,26,30,29,26,26,29,0,26,0,	
2016-11-24 17:39:12:945T,$#,1,0,0,0,28,0,0,0,28,0,0,0,28,0,0,0,28,0,0,0,28,	
2016-11-24 17:39:13:341T,$#,2,0,0,29,29,29,29,26,26,26,29,26,26,30,29,26,26,29,0,26,0,	
2016-11-24 17:39:13:754T,$#,1,0,0,0,28,0,0,0,28,0,0,0,28,0,0,0,28,0,0,0,28,	
2016-11-24 17:39:14:150T,$#,2,0,0,29,29,29,29,26,26,26,29,26,26,30,29,26,26,29,0,26,0,	
2016-11-24 17:39:14:562T,$#,1,0,0,0,28,0,0,0,28,0,0,0,28,0,0,0,28,0,0,0,28,	
2016-11-24 17:39:14:959T,$#,2,0,0,29,29,29,29,26,26,26,29,26,26,30,29,26,26,29,0,26,0,	
2016-11-24 17:39:15:371T,$#,1,0,0,0,28,0,0,0,28,0,0,0,28,0,0,0,28,0,0,0,28,	
2016-11-24 17:39:15:767T,$#,2,0,0,29,29,29,29,26,26,26,29,26,26,30,29,26,26,29,0,26,0,	
2016-11-24 17:39:16:180T,$#,1,0,0,0,28,0,0,0,28,0,0,0,28,0,0,0,28,0,0,0,28,	
2016-11-24 17:39:16:576T,$#,2,0,0,29,29,29,29,26,26,26,29,26,26,30,29,26,26,29,0,26,0,	
2016-11-24 17:39:16:988T,$#,1,0,0,0,28,0,0,0,28,0,0,0,28,0,0,0,28,0,0,0,28,	
2016-11-24 17:39:17:384T,$#,2,0,0,29,29,29,29,26,26,26,29,26,26,30,29,26,26,29,0,26,0,	
2016-11-24 17:39:17:797T,$#,1,0,0,0,28,0,0,0,28,0,0,0,28,0,0,0,28,0,0,0,28,	
2016-11-24 17:39:18:193T,$#,2,0,0,29,29,29,29,26,26,26,29,26,26,30,29,26,26,29,0,26,0,	
2016-11-24 17:39:18:605T,$#,1,0,0,0,28,0,0,0,28,0,0,0,28,0,0,0,28,0,0,0,28,	
2016-11-24 17:39:19:002T,$#,2,0,0,29,29,29,29,26,26,26,29,26,26,30,29,26,26,29,0,26,0,	
2016-11-24 17:39:19:414T,$#,1,0,0,0,28,0,0,0,28,0,0,0,28,0,0,0,28,0,0,0,28,	
2016-11-24 17:39:19:810T,$#,2,0,0,29,29,29,29,26,26,26,29,26,26,30,29,26,26,29,0,26,0,	
2016-11-24 17:39:20:223T,$#,1,0,0,0,28,0,0,0,28,0,0,0,28,0,0,0,28,0,0,0,28,	
2016-11-24 17:39:20:619T,$#,2,0,0,29,29,29,29,26,26,26,29,26,26,30,29,26,26,29,0,26,0,	
2016-11-24 17:39:21:031T,$#,1,0,0,0,28,0,0,0,28,0,0,0,28,0,0,0,28,0,0,0,28,	
2016-11-24 17:39:21:427T,$#,2,0,0,29,29,29,29,26,26,26,29,26,26,30,29,26,26,29,0,26,0,	
2016-11-24 17:39:21:840T,$#,1,0,0,0,28,0,0,0,28,0,0,0,28,0,0,0,28,0,0,0,28,	
2016-11-24 17:39:22:236T,$#,2,0,0,29,29,29,29,26,26,26,29,26,26,30,29,26,26,29,0,26,0,	
2016-11-24 17:39:22:649T,$#,1,0,0,0,28,0,0,0,28,0,0,0,28,0,0,0,28,0,0,0,28,	
2016-11-24 17:39:23:045T,$#,2,0,0,29,29,29,29,26,26,26,29,26,26,30,29,26,26,29,0,26,0,	
2016-11-24 17:39:23:458T,$#,1,0,0,0,28,0,0,0,28,0,0,0,28,0,0,0,28,0,0,0,28,	
2016-11-24 17:39:23:854T,$#,2,0,0,29,29,29,29,26,26,26,29,26,26,30,29,26,26,29,0,26,0,	
2016-11-24 17:39:24:266T,$#,1,0,0,0,28,0,0,0,28,0,0,0,28,0,0,0,28,0,0,0,28,	
2016-11-24 17:39:24:662T,$#,2,0,0,29,29,29,29,26,26,26,29,26,26,30,29,26,26,29,0,26,0,	
2016-11-24 17:39:25:075T,$#,1,0,0,0,28,0,0,0,28,0,0,0,28,0,0,0,28,0,0,0,28,	
2016-11-24 17:39:25:471T,$#,2,0,0,29,29,29,29,26,26,26,29,26,26,30,29,26,26,29,0,26,0,	
2016-11-24 17:39:25:883T,$#,1,0,0,0,28,0,0,0,28,0,0,0,28,0,0,0,28,0,0,0,28,	
2016-11-24 17:39:26:279T,$#,2,0,0,29,29,29,29,26,26,26,29,26,26,30,29,26,26,29,0,26,0,	
2016-11-24 17:39:26:691T,$#,1,0,0,0,28,0,0,0,28,0,0,0,28,0,0,0,28,0,0,0,28,	
2016-11-24 17:39:27:087T,$#,2,0,0,29,29,29,29,26,26,26,29,26,26,30,29,26,26,29,0,26,0,	
2016-11-24 17:39:27:498T,$#,1,0,0,0,28,0,0,0,28,0,0,0,28,0,0,0,28,0,0,0,28,	
2016-11-24 17:39:27:894T,$#,2,0,0,29,29,29,29,26,26,26,29,26,26,30,29,26,26,29,0,26,0,	
2016-11-24 17:39:28:307T,$#,1,0,0,0,28,0,0,0,28,0,0,0,28,0,0,0,28,0,0,0,28,	
2016-11-24 17:39:28:703T,$#,2,0,0,29,29,29,29,26,26,26,29,26,26,30,29,26,26,29,0,26,0,	
2016-11-24 17:39:29:115T,$#,1,0,0,0,28,0,0,0,28,0,0,0,28,0,0,0,28,0,0,0,28,	
2016-11-24 17:39:29:511T,$#,2,0,0,29,29,29,29,26,26,26,29,26,26,30,29,26,26,29,0,26,0,	
2016-11-24 17:39:32:027T,$#,1,0,0,0,28,0,0,0,28,0,0,0,28,0,0,0,28,0,0,0,28,	
2016-11-24 17:39:32:423T,$#,2,0,0,29,29,29,29,26,26,26,29,26,26,30,29,26,26,29,0,26,0,	
2016-11-24 17:39:32:835T,$#,1,0,0,0,28,0,0,0,28,0,0,0,28,0,0,0,28,0,0,0,28,	
2016-11-24 17:39:33:232T,$#,2,0,0,29,29,29,29,26,26,26,29,26,26,30,29,26,26,29,0,26,0,	
2016-11-24 17:39:33:644T,$#,1,0,0,0,28,0,0,0,28,0,0,0,28,0,0,0,28,0,0,0,28,	
2016-11-24 17:39:34:040T,$#,2,0,0,29,29,29,29,26,26,26,29,26,26,30,29,26,26,29,0,26,0,	
2016-11-24 17:39:34:452T,$#,1,0,0,0,28,0,0,0,28,0,0,0,28,0,0,0,28,0,0,0,28,	
2016-11-24 17:39:34:849T,$#,2,0,0,29,29,29,29,26,26,26,29,26,26,30,29,26,26,29,0,26,0,	
2016-11-24 17:39:35:261T,$#,1,0,0,0,28,0,0,0,28,0,0,0,28,0,0,0,28,0,0,0,28,	
2016-11-24 17:39:35:657T,$#,2,0,0,29,29,29,29,26,26,26,29,26,26,30,29,26,26,29,0,26,0,	
2016-11-24 17:39:36:070T,$#,1,0,0,0,28,0,0,0,28,0,0,0,28,0,0,0,28,0,0,0,28,	
2016-11-24 17:39:36:466T,$#,2,0,0,29,29,29,29,26,26,26,29,26,26,30,29,26,26,29,0,26,0,	
2016-11-24 17:39:36:877T,$#,1,0,0,0,28,0,0,0,28,0,0,0,28,0,0,0,28,0,0,0,28,	
2016-11-24 17:39:37:273T,$#,2,0,0,29,29,29,29,26,26,26,29,26,26,30,29,26,26,29,0,26,0,	
2016-11-24 17:39:37:686T,$#,1,0,0,0,28,0,0,0,28,0,0,0,28,0,0,0,28,0,0,0,28,	
2016-11-24 17:39:38:082T,$#,2,0,0,29,29,29,29,26,26,26,29,26,26,30,29,26,26,29,0,26,0,	
2016-11-24 17:39:38:494T,$#,1,0,0,0,28,0,0,0,28,0,0,0,28,0,0,0,28,0,0,0,28,	
2016-11-24 17:39:38:890T,$#,2,0,0,29,29,29,29,26,26,26,29,26,26,30,29,26,26,29,0,26,0,	
2016-11-24 17:39:39:303T,$#,1,0,0,0,28,0,0,0,28,0,0,0,28,0,0,0,28,0,0,0,28,	
2016-11-24 17:39:39:699T,$#,2,0,0,29,29,29,29,26,26,26,29,26,26,30,29,26,26,29,0,26,0,	
2016-11-24 17:39:40:111T,$#,1,0,0,0,28,0,0,0,28,0,0,0,28,0,0,0,28,0,0,0,28,	
2016-11-24 17:39:40:508T,$#,2,0,0,29,29,29,29,26,26,26,29,26,26,30,29,26,26,29,0,26,0,	
2016-11-24 17:39:40:920T,$#,1,0,0,0,28,0,0,0,28,0,0,0,28,0,0,0,28,0,0,0,28,	
2016-11-24 17:39:41:316T,$#,2,0,0,29,29,29,29,26,26,26,29,26,26,30,29,26,26,29,0,26,0,	
2016-11-24 17:39:41:729T,$#,1,0,0,0,28,0,0,0,28,0,0,0,28,0,0,0,28,0,0,0,28,	
2016-11-24 17:39:42:125T,$#,2,0,0,29,29,29,29,26,26,26,29,26,26,30,29,26,26,29,0,26,0,	
2016-11-24 17:39:42:537T,$#,1,0,0,0,28,0,0,0,28,0,0,0,28,0,0,0,28,0,0,0,28,	
2016-11-24 17:39:42:933T,$#,2,0,0,29,29,29,29,26,26,26,29,26,26,30,29,26,26,29,0,26,0,	
2016-11-24 17:39:43:346T,$#,1,0,0,0,28,0,0,0,28,0,0,0,28,0,0,0,28,0,0,0,28,	
2016-11-24 17:39:43:742T,$#,2,0,0,29,29,29,29,26,26,26,29,26,26,30,29,26,26,29,0,26,0,	
2016-11-24 17:39:44:155T,$#,1,0,0,0,28,0,0,0,28,0,0,0,28,0,0,0,28,0,0,0,28,	
2016-11-24 17:39:44:550T,$#,2,0,0,29,29,29,29,26,26,26,29,26,26,30,29,26,26,29,0,26,0,	
2016-11-24 17:39:44:963T,$#,1,0,0,0,28,0,0,0,28,0,0,0,28,0,0,0,28,0,0,0,28,	
2016-11-24 17:39:45:359T,$#,2,0,0,29,29,29,29,26,26,26,29,26,26,30,29,26,26,29,0,26,0,	
2016-11-24 17:39:45:771T,$#,1,0,0,0,28,0,0,0,28,0,0,0,28,0,0,0,28,0,0,0,28,	
2016-11-24 17:39:46:168T,$#,2,0,0,29,29,29,29,26,26,26,29,26,26,30,29,26,26,29,0,26,0,	
2016-11-24 17:39:46:579T,$#,1,0,0,0,28,0,0,0,28,0,0,0,28,0,0,0,28,0,0,0,28,	
2016-11-24 17:39:46:975T,$#,2,0,0,29,29,29,29,26,26,26,29,26,26,30,29,26,26,29,0,26,0,	
2016-11-24 17:39:47:389T,$#,1,0,0,0,28,0,0,0,28,0,0,0,28,0,0,0,28,0,0,0,28,	
2016-11-24 17:39:47:784T,$#,2,0,0,29,29,29,29,26,26,26,29,26,26,30,29,26,26,29,0,26,0,	
2016-11-24 17:39:48:196T,$#,1,0,0,0,28,0,0,0,28,0,0,0,28,0,0,0,28,0,0,0,28,	
2016-11-24 17:39:48:593T,$#,2,0,0,29,29,29,29,26,26,26,29,26,26,30,29,26,26,29,0,26,0,	
2016-11-24 17:39:49:005T,$#,1,0,0,0,28,0,0,0,28,0,0,0,28,0,0,0,28,0,0,0,28,	
2016-11-24 17:39:49:401T,$#,2,0,0,29,29,29,29,26,26,26,29,26,26,30,29,26,26,29,0,26,0,	
2016-11-24 17:39:49:813T,$#,1,0,0,0,28,0,0,0,28,0,0,0,28,0,0,0,28,0,0,0,28,	
2016-11-24 17:39:50:208T,$#,2,0,0,29,29,29,29,26,26,26,29,26,26,30,29,26,26,29,0,26,0,	
2016-11-24 17:39:50:620T,$#,1,0,0,0,28,0,0,0,28,0,0,0,28,0,0,0,28,0,0,0,28,	
2016-11-24 17:39:51:016T,$#,2,0,0,29,29,29,29,26,26,26,29,26,26,30,29,26,26,29,0,26,0,	
2016-11-24 17:39:51:428T,$#,1,0,0,0,28,0,0,0,28,0,0,0,28,0,0,0,28,0,0,0,28,	
2016-11-24 17:39:51:825T,$#,2,0,0,29,29,29,29,26,26,26,29,26,26,30,29,26,26,29,0,26,0,	
2016-11-24 17:39:52:237T,$#,1,0,0,0,28,0,0,0,28,0,0,0,28,0,0,0,28,0,0,0,28,	
2016-11-24 17:39:52:634T,$#,2,0,0,29,29,29,29,26,26,26,29,26,26,30,29,26,26,29,0,26,0,	
2016-11-24 17:39:53:046T,$#,1,0,0,0,28,0,0,0,28,0,0,0,28,0,0,0,28,0,0,0,28,	
2016-11-24 17:39:53:442T,$#,2,0,0,29,29,29,29,26,26,26,29,26,26,30,29,26,26,29,0,26,0,	
2016-11-24 17:39:53:855T,$#,1,0,0,0,28,0,0,0,28,0,0,0,28,0,0,0,28,0,0,0,28,	
2016-11-24 17:39:54:251T,$#,2,0,0,29,29,29,29,26,26,26,29,26,26,30,29,26,26,29,0,26,0,	
2016-11-24 17:39:54:664T,$#,1,0,0,0,28,0,0,0,28,0,0,0,28,0,0,0,28,0,0,0,28,	
2016-11-24 17:39:55:059T,$#,2,0,0,29,29,29,29,26,26,26,29,26,26,30,29,26,26,29,0,26,0,	
2016-11-24 17:39:55:472T,$#,1,0,0,0,28,0,0,0,28,0,0,0,28,0,0,0,28,0,0,0,28,	
2016-11-24 17:39:55:868T,$#,2,0,0,29,29,29,29,26,26,26,29,26,26,30,29,26,26,29,0,26,0,	
2016-11-24 17:39:56:281T,$#,1,0,0,0,28,0,0,0,28,0,0,0,28,0,0,0,28,0,0,0,28,	
2016-11-24 17:39:56:677T,$#,2,0,0,29,29,29,29,26,26,26,29,26,26,30,29,26,26,29,0,26,0,	
2016-11-24 17:39:57:090T,$#,1,0,0,0,28,0,0,0,28,0,0,0,28,0,0,0,28,0,0,0,28,	
2016-11-24 17:39:57:485T,$#,2,0,0,29,29,29,29,26,26,26,29,26,26,30,29,26,26,29,0,26,0,	
2016-11-24 17:39:57:898T,$#,1,0,0,0,28,0,0,0,28,0,0,0,28,0,0,0,28,0,0,0,28,	
